side,ktdb_admin_code,ktdb_full_name,match_status,row_count
destination,1111061500,서울특별시 종로구 종로1.2.3.4가동,name_not_found,879
destination,4311259000,충청북도 청주시 서원구 성화.개신.죽림동,name_not_found,599
destination,4413356500,충청남도 천안시 서북구 불당동,name_not_found,583
destination,1153054000,서울특별시 구로구 구로제3동,name_not_found,558
destination,1150060300,서울특별시 강서구 가양제1동,name_not_found,505
destination,4311454000,충청북도 청주시 청원구 율량.사천동,name_not_found,471
destination,3611052000,세종특별자치시 도담동,name_not_found,450
destination,2635052000,부산광역시 해운대구 우제2동,name_not_found,415
destination,1150061100,서울특별시 강서구 발산제1동,name_not_found,379
destination,2641061000,부산광역시 금정구 장전제2동,name_not_found,379
destination,2623052000,부산광역시 부산진구 부전제2동,name_not_found,375
destination,2629053000,부산광역시 남구 대연제3동,name_not_found,348
destination,1156056000,서울특별시 영등포구 당산제2동,name_not_found,345
destination,4311376000,충청북도 청주시 흥덕구 강서제1동,name_not_found,332
destination,1120069000,서울특별시 성동구 성수2가제3동,name_not_found,330
destination,1150063000,서울특별시 강서구 방화제1동,name_not_found,302
destination,2629057000,부산광역시 남구 용호제1동,name_not_found,294
destination,2647061000,부산광역시 연제구 거제제1동,name_not_found,294
destination,1154561000,서울특별시 금천구 독산제1동,name_not_found,287
destination,3611051500,세종특별자치시 새롬동,name_not_found,278
destination,3611025000,세종특별자치시 조치원읍,name_not_found,277
destination,1159051000,서울특별시 동작구 노량진제1동,name_not_found,269
destination,1135069500,서울특별시 노원구 상계6.7동,name_not_found,268
destination,2617053000,부산광역시 동구 초량제3동,name_not_found,268
destination,4311375600,충청북도 청주시 흥덕구 봉명2.송정동,name_not_found,266
destination,1150053500,서울특별시 강서구 등촌제3동,name_not_found,265
destination,3611055500,세종특별자치시 소담동,name_not_found,263
destination,1153056000,서울특별시 구로구 구로제5동,name_not_found,261
destination,1159068000,서울특별시 동작구 신대방제2동,name_not_found,256
destination,1120066000,서울특별시 성동구 성수1가제2동,name_not_found,248
destination,2635065000,부산광역시 해운대구 재송제1동,name_not_found,237
destination,2623051000,부산광역시 부산진구 부전제1동,name_not_found,236
destination,2638056200,부산광역시 사하구 하단제2동,name_not_found,236
destination,1144073000,서울특별시 마포구 성산제2동,name_not_found,233
destination,2647069000,부산광역시 연제구 연산제5동,name_not_found,229
destination,2632054300,부산광역시 북구 화명제3동,name_not_found,228
destination,1159053000,서울특별시 동작구 상도제1동,name_not_found,227
destination,1129066000,서울특별시 성북구 길음제1동,name_not_found,220
destination,2638060100,부산광역시 사하구 다대제1동,name_not_found,219
destination,1156061000,서울특별시 영등포구 양평제1동,name_not_found,218
destination,1159062000,서울특별시 동작구 사당제1동,name_not_found,216
destination,4311377000,충청북도 청주시 흥덕구 강서제2동,name_not_found,214
destination,1174061000,서울특별시 강동구 천호제2동,name_not_found,210
destination,1126062000,서울특별시 중랑구 묵제1동,name_not_found,207
destination,1156062000,서울특별시 영등포구 양평제2동,name_not_found,207
destination,3611055000,세종특별자치시 고운동,name_not_found,204
destination,1159063000,서울특별시 동작구 사당제2동,name_not_found,203
destination,2620065000,부산광역시 영도구 동삼제1동,name_not_found,203
destination,1150054000,서울특별시 강서구 화곡제1동,name_not_found,202
destination,1153053000,서울특별시 구로구 구로제2동,name_not_found,201
destination,4146555500,,code_not_in_lookup,199
destination,2635051000,부산광역시 해운대구 우제1동,name_not_found,198
destination,1121587000,서울특별시 광진구 구의제3동,name_not_found,195
destination,2635057000,부산광역시 해운대구 반여제1동,name_not_found,194
destination,1120056000,서울특별시 성동구 행당제1동,name_not_found,192
destination,1138052000,서울특별시 은평구 불광제1동,name_not_found,191
destination,2635053000,부산광역시 해운대구 중제1동,name_not_found,191
destination,1156055000,서울특별시 영등포구 당산제1동,name_not_found,190
destination,1120065000,서울특별시 성동구 성수1가제1동,name_not_found,189
destination,1174070000,서울특별시 강동구 둔촌제2동,name_not_found,189
destination,2623060000,부산광역시 부산진구 전포제1동,name_not_found,189
destination,2647073000,부산광역시 연제구 연산제9동,name_not_found,189
destination,1132051500,서울특별시 도봉구 창제5동,name_not_found,188
destination,1153078000,서울특별시 구로구 오류제2동,name_not_found,184
destination,2650066000,부산광역시 수영구 남천제1동,name_not_found,183
destination,3611054000,세종특별자치시 종촌동,name_not_found,183
destination,1123065000,서울특별시 동대문구 장안제1동,name_not_found,182
destination,1123066000,서울특별시 동대문구 장안제2동,name_not_found,182
destination,1121584000,서울특별시 광진구 자양제3동,name_not_found,181
destination,1154567000,서울특별시 금천구 시흥제1동,name_not_found,181
destination,1123056000,서울특별시 동대문구 전농제1동,name_not_found,180
destination,1132069000,서울특별시 도봉구 방학제1동,name_not_found,178
destination,1120067000,서울특별시 성동구 성수2가제1동,name_not_found,177
destination,1132051400,서울특별시 도봉구 창제4동,name_not_found,174
destination,2641069000,부산광역시 금정구 구서제2동,name_not_found,174
destination,2626059000,부산광역시 동래구 사직제2동,name_not_found,173
destination,1138058000,서울특별시 은평구 응암제1동,name_not_found,172
destination,1150064000,서울특별시 강서구 방화제2동,name_not_found,172
destination,2647066000,부산광역시 연제구 연산제2동,name_not_found,172
destination,4311169000,충청북도 청주시 상당구 용담.명암.산성동,name_not_found,171
destination,2641068000,부산광역시 금정구 구서제1동,name_not_found,170
destination,2653066000,부산광역시 사상구 주례제2동,name_not_found,170
destination,1111063000,서울특별시 종로구 종로5.6가동,name_not_found,167
destination,1174054000,서울특별시 강동구 명일제2동,name_not_found,167
destination,2653059100,부산광역시 사상구 모라제1동,name_not_found,167
destination,1123073000,서울특별시 동대문구 휘경제2동,name_not_found,166
destination,2623056000,부산광역시 부산진구 양정제1동,name_not_found,166
destination,2632056000,부산광역시 북구 덕천제2동,name_not_found,166
destination,1153075000,서울특별시 구로구 개봉제2동,name_not_found,165
destination,1174053000,서울특별시 강동구 명일제1동,name_not_found,165
destination,2635055200,부산광역시 해운대구 좌제2동,name_not_found,165
destination,4146558500,,code_not_in_lookup,165
destination,1121583000,서울특별시 광진구 자양제2동,name_not_found,162
destination,2817761000,인천광역시 미추홀구 도화2.3동,name_not_found,162
destination,1153072000,서울특별시 구로구 고척제1동,name_not_found,161
destination,2617066000,부산광역시 동구 범일제2동,name_not_found,161
destination,1174052500,서울특별시 강동구 상일제1동,name_not_found,159
destination,1174064000,서울특별시 강동구 성내제1동,name_not_found,159
destination,2626055000,부산광역시 동래구 온천제1동,name_not_found,159
destination,2632054100,부산광역시 북구 화명제1동,name_not_found,159
destination,3611053000,세종특별자치시 아름동,name_not_found,159
destination,1123074000,서울특별시 동대문구 이문제1동,name_not_found,157
destination,4146152500,,code_not_in_lookup,157
destination,1135062500,서울특별시 노원구 중계2.3동,name_not_found,155
destination,1132051100,서울특별시 도봉구 창제1동,name_not_found,154
destination,1132052200,서울특별시 도봉구 도봉제2동,name_not_found,154
destination,2647065000,부산광역시 연제구 연산제1동,name_not_found,154
destination,2650077000,부산광역시 수영구 광안제2동,name_not_found,154
destination,3611056000,세종특별자치시 보람동,name_not_found,154
destination,1129068500,서울특별시 성북구 길음제2동,name_not_found,153
destination,2817754000,인천광역시 미추홀구 용현1.4동,name_not_found,152
destination,2635055100,부산광역시 해운대구 좌제1동,name_not_found,149
destination,3611051000,세종특별자치시 한솔동,name_not_found,148
destination,1126059000,서울특별시 중랑구 상봉제2동,name_not_found,147
destination,1138055200,서울특별시 은평구 갈현제2동,name_not_found,147
destination,1123057000,서울특별시 동대문구 전농제2동,name_not_found,146
destination,1159054000,서울특별시 동작구 상도제2동,name_not_found,146
destination,1150052000,서울특별시 강서구 등촌제1동,name_not_found,145
destination,4313058000,충청북도 충주시 호암.직동,name_not_found,145
destination,4313062500,충청북도 충주시 칠금.금릉동,name_not_found,145
destination,2635055400,부산광역시 해운대구 좌제4동,name_not_found,142
destination,1141068500,서울특별시 서대문구 홍은제2동,name_not_found,141
destination,1174062000,서울특별시 강동구 천호제3동,name_not_found,141
destination,1132051200,서울특별시 도봉구 창제2동,name_not_found,140
destination,1126058000,서울특별시 중랑구 상봉제1동,name_not_found,139
destination,1129072500,서울특별시 성북구 월곡제2동,name_not_found,139
destination,1159064000,서울특별시 동작구 사당제3동,name_not_found,138
destination,1174057000,서울특별시 강동구 암사제1동,name_not_found,138
destination,1153074000,서울특별시 구로구 개봉제1동,name_not_found,137
destination,2623077000,부산광역시 부산진구 범천제1동,name_not_found,137
destination,1129063000,서울특별시 성북구 정릉제2동,name_not_found,134
destination,1150064100,서울특별시 강서구 방화제3동,name_not_found,134
destination,1153052000,서울특별시 구로구 구로제1동,name_not_found,134
destination,1138060000,서울특별시 은평구 응암제3동,name_not_found,133
destination,1123060000,서울특별시 동대문구 답십리제1동,name_not_found,132
destination,1174066000,서울특별시 강동구 성내제3동,name_not_found,132
destination,2623064000,부산광역시 부산진구 부암제1동,name_not_found,132
destination,2626075000,부산광역시 동래구 안락제2동,name_not_found,132
destination,2650074000,부산광역시 수영구 망미제1동,name_not_found,132
destination,2641059000,부산광역시 금정구 부곡제3동,name_not_found,131
destination,1121582000,서울특별시 광진구 자양제1동,name_not_found,130
destination,2623076000,부산광역시 부산진구 개금제3동,name_not_found,130
destination,2650076000,부산광역시 수영구 광안제1동,name_not_found,129
destination,1144072000,서울특별시 마포구 성산제1동,name_not_found,128
destination,1121586000,서울특별시 광진구 구의제2동,name_not_found,127
destination,1132066000,서울특별시 도봉구 쌍문제1동,name_not_found,127
destination,1144070000,서울특별시 마포구 망원제2동,name_not_found,127
destination,2632052000,부산광역시 북구 구포제2동,name_not_found,127
destination,2638057200,부산광역시 사하구 신평제2동,name_not_found,127
destination,1129071500,서울특별시 성북구 월곡제1동,name_not_found,126
destination,1154568000,서울특별시 금천구 시흥제2동,name_not_found,126
destination,2626057000,부산광역시 동래구 온천제3동,name_not_found,126
destination,2638059000,부산광역시 사하구 장림제2동,name_not_found,126
destination,1150053000,서울특별시 강서구 등촌제2동,name_not_found,125
destination,2638060200,부산광역시 사하구 다대제2동,name_not_found,125
destination,2641060000,부산광역시 금정구 장전제1동,name_not_found,125
destination,1129065000,서울특별시 성북구 정릉제4동,name_not_found,124
destination,1156068000,서울특별시 영등포구 신길제6동,name_not_found,124
destination,1132071000,서울특별시 도봉구 방학제3동,name_not_found,122
destination,2623071000,부산광역시 부산진구 가야제1동,name_not_found,122
destination,2632057200,부산광역시 북구 만덕제2동,name_not_found,122
destination,2714062000,대구광역시 동구 불로.봉무동,name_not_found,122
destination,4311370000,충청북도 청주시 흥덕구 운천.신봉동,name_not_found,122
destination,2641058000,부산광역시 금정구 부곡제2동,name_not_found,120
destination,1150059100,서울특별시 강서구 화곡제6동,name_not_found,119
destination,1156072000,서울특별시 영등포구 대림제3동,name_not_found,119
destination,2623057000,부산광역시 부산진구 양정제2동,name_not_found,119
destination,2635052500,부산광역시 해운대구 우제3동,name_not_found,119
destination,2638056100,부산광역시 사하구 하단제1동,name_not_found,119
destination,1117063000,서울특별시 용산구 이촌제1동,name_not_found,118
destination,1123061000,서울특별시 동대문구 답십리제2동,name_not_found,118
destination,1141066000,서울특별시 서대문구 홍은제1동,name_not_found,117
destination,3611058000,세종특별자치시 다정동,name_not_found,117
destination,4313053500,충청북도 충주시 교현.안림동,name_not_found,117
destination,1117056000,서울특별시 용산구 원효로제1동,name_not_found,116
destination,2638062000,부산광역시 사하구 감천제1동,name_not_found,115
destination,1129059000,서울특별시 성북구 돈암제2동,name_not_found,114
destination,1138055100,서울특별시 은평구 갈현제1동,name_not_found,113
destination,1138059000,서울특별시 은평구 응암제2동,name_not_found,113
destination,1141070000,서울특별시 서대문구 남가좌제2동,name_not_found,113
destination,1144069000,서울특별시 마포구 망원제1동,name_not_found,113
destination,1153073000,서울특별시 구로구 고척제2동,name_not_found,113
destination,1121584700,서울특별시 광진구 자양제4동,name_not_found,112
destination,1141072000,서울특별시 서대문구 북가좌제2동,name_not_found,112
destination,1150056000,서울특별시 강서구 화곡제3동,name_not_found,112
destination,1150059300,서울특별시 강서구 화곡제8동,name_not_found,111
destination,1150060500,서울특별시 강서구 가양제3동,name_not_found,111
destination,2653066100,부산광역시 사상구 주례제3동,name_not_found,111
destination,2629055000,부산광역시 남구 대연제5동,name_not_found,110
destination,2647062000,부산광역시 연제구 거제제2동,name_not_found,110
destination,1159052000,서울특별시 동작구 노량진제2동,name_not_found,109
destination,2632051000,부산광역시 북구 구포제1동,name_not_found,109
destination,1159056000,서울특별시 동작구 상도제4동,name_not_found,108
destination,1174055000,서울특별시 강동구 고덕제1동,name_not_found,108
destination,2629058000,부산광역시 남구 용호제2동,name_not_found,108
destination,2632057300,부산광역시 북구 만덕제3동,name_not_found,108
destination,1123075000,서울특별시 동대문구 이문제2동,name_not_found,107
destination,2623067000,부산광역시 부산진구 당감제1동,name_not_found,107
destination,2623072000,부산광역시 부산진구 가야제2동,name_not_found,107
destination,3611057000,세종특별자치시 대평동,name_not_found,107
destination,1126061000,서울특별시 중랑구 중화제2동,name_not_found,106
destination,1174056000,서울특별시 강동구 고덕제2동,name_not_found,106
destination,1174065000,서울특별시 강동구 성내제2동,name_not_found,105
destination,2626056000,부산광역시 동래구 온천제2동,name_not_found,104
destination,1132067000,서울특별시 도봉구 쌍문제2동,name_not_found,103
destination,2638051000,부산광역시 사하구 괴정제1동,name_not_found,103
destination,2650075000,부산광역시 수영구 망미제2동,name_not_found,103
destination,2629069000,부산광역시 남구 문현제2동,name_not_found,102
destination,2647072000,부산광역시 연제구 연산제8동,name_not_found,102
destination,1141069000,서울특별시 서대문구 남가좌제1동,name_not_found,101
destination,2614054000,부산광역시 서구 서대신제1동,name_not_found,101
destination,2623061000,부산광역시 부산진구 전포제2동,name_not_found,101
destination,1126057500,서울특별시 중랑구 면목제3.8동,name_not_found,100
destination,1174059000,서울특별시 강동구 암사제3동,name_not_found,100
destination,1121585000,서울특별시 광진구 구의제1동,name_not_found,99
destination,1126057000,서울특별시 중랑구 면목제7동,name_not_found,98
destination,1132070000,서울특별시 도봉구 방학제2동,name_not_found,98
destination,1138053000,서울특별시 은평구 불광제2동,name_not_found,98
destination,1138063100,서울특별시 은평구 신사제1동,name_not_found,98
destination,2629056000,부산광역시 남구 대연제6동,name_not_found,98
destination,1174060000,서울특별시 강동구 천호제1동,name_not_found,97
destination,1121577000,서울특별시 광진구 중곡제4동,name_not_found,96
destination,1129062000,서울특별시 성북구 정릉제1동,name_not_found,96
destination,1141064000,서울특별시 서대문구 홍제제3동,name_not_found,96
destination,1153055000,서울특별시 구로구 구로제4동,name_not_found,96
destination,1159067000,서울특별시 동작구 신대방제1동,name_not_found,96
destination,1126052000,서울특별시 중랑구 면목제2동,name_not_found,95
destination,1154571000,서울특별시 금천구 시흥제5동,name_not_found,95
destination,2617057000,부산광역시 동구 수정제2동,name_not_found,95
destination,2626074000,부산광역시 동래구 안락제1동,name_not_found,95
destination,2626076100,부산광역시 동래구 명장제1동,name_not_found,95
destination,1141071000,서울특별시 서대문구 북가좌제1동,name_not_found,94
destination,1150057000,서울특별시 강서구 화곡제4동,name_not_found,94
destination,2629051000,부산광역시 남구 대연제1동,name_not_found,94
destination,4146152600,,code_not_in_lookup,94
destination,1117057000,서울특별시 용산구 원효로제2동,name_not_found,93
destination,1120057000,서울특별시 성동구 행당제2동,name_not_found,93
destination,1121575000,서울특별시 광진구 중곡제2동,name_not_found,92
destination,1129058000,서울특별시 성북구 돈암제1동,name_not_found,92
destination,1159065100,서울특별시 동작구 사당제5동,name_not_found,92
destination,2647070000,부산광역시 연제구 연산제6동,name_not_found,92
destination,1126063000,서울특별시 중랑구 묵제2동,name_not_found,91
destination,2650079000,부산광역시 수영구 광안제4동,name_not_found,91
destination,1117065000,서울특별시 용산구 이태원제1동,name_not_found,90
destination,1132068000,서울특별시 도봉구 쌍문제3동,name_not_found,90
destination,2635055300,부산광역시 해운대구 좌제3동,name_not_found,89
destination,1132068100,서울특별시 도봉구 쌍문제4동,name_not_found,88
destination,1174058000,서울특별시 강동구 암사제2동,name_not_found,88
destination,2614053000,부산광역시 서구 동대신제3동,name_not_found,88
destination,2626076200,부산광역시 동래구 명장제2동,name_not_found,88
destination,2635066000,부산광역시 해운대구 재송제2동,name_not_found,87
destination,2650067000,부산광역시 수영구 남천제2동,name_not_found,87
destination,1154563000,서울특별시 금천구 독산제3동,name_not_found,86
destination,1156069000,서울특별시 영등포구 신길제7동,name_not_found,86
destination,1174052600,서울특별시 강동구 상일제2동,name_not_found,86
destination,2629054000,부산광역시 남구 대연제4동,name_not_found,86
destination,1129064000,서울특별시 성북구 정릉제3동,name_not_found,85
destination,1132052100,서울특별시 도봉구 도봉제1동,name_not_found,85
destination,2620064000,부산광역시 영도구 청학제2동,name_not_found,85
destination,2653065000,부산광역시 사상구 주례제1동,name_not_found,85
destination,1135066500,서울특별시 노원구 상계3.4동,name_not_found,84
destination,1159055000,서울특별시 동작구 상도제3동,name_not_found,84
destination,2623066000,부산광역시 부산진구 부암제3동,name_not_found,84
destination,2635062000,부산광역시 해운대구 반송제2동,name_not_found,84
destination,2650078000,부산광역시 수영구 광안제3동,name_not_found,84
destination,1156063000,서울특별시 영등포구 신길제1동,name_not_found,83
destination,1120052000,서울특별시 성동구 왕십리제2동,name_not_found,82
destination,2635061000,부산광역시 해운대구 반송제1동,name_not_found,82
destination,2638058000,부산광역시 사하구 장림제1동,name_not_found,82
destination,1138063200,서울특별시 은평구 신사제2동,name_not_found,81
destination,1141062000,서울특별시 서대문구 홍제제1동,name_not_found,81
destination,2814060500,인천광역시 동구 송림3.5동,name_not_found,81
destination,1121576000,서울특별시 광진구 중곡제3동,name_not_found,80
destination,1154569000,서울특별시 금천구 시흥제3동,name_not_found,80
destination,2623074000,부산광역시 부산진구 개금제1동,name_not_found,80
destination,2623075000,부산광역시 부산진구 개금제2동,name_not_found,80
destination,2632057100,부산광역시 북구 만덕제1동,name_not_found,80
destination,2638053000,부산광역시 사하구 괴정제3동,name_not_found,80
destination,1123072000,서울특별시 동대문구 휘경제1동,name_not_found,79
destination,2629070000,부산광역시 남구 문현제3동,name_not_found,79
destination,2653061000,부산광역시 사상구 덕포제2동,name_not_found,79
destination,1120061500,서울특별시 성동구 금호2.3가동,name_not_found,78
destination,2647063000,부산광역시 연제구 거제제3동,name_not_found,78
destination,2814055500,인천광역시 동구 송현1.2동,name_not_found,78
destination,2620059000,부산광역시 영도구 봉래제1동,name_not_found,77
destination,2623078000,부산광역시 부산진구 범천제2동,name_not_found,77
destination,2638057100,부산광역시 사하구 신평제1동,name_not_found,77
destination,1114065000,서울특별시 중구 신당제5동,name_not_found,75
destination,1126054000,서울특별시 중랑구 면목제4동,name_not_found,75
destination,1150060400,서울특별시 강서구 가양제2동,name_not_found,75
destination,1126060000,서울특별시 중랑구 중화제1동,name_not_found,74
destination,2626060000,부산광역시 동래구 사직제3동,name_not_found,74
destination,2632054200,부산광역시 북구 화명제2동,name_not_found,74
destination,2647068000,부산광역시 연제구 연산제4동,name_not_found,74
destination,2626058000,부산광역시 동래구 사직제1동,name_not_found,73
destination,2635054000,부산광역시 해운대구 중제2동,name_not_found,73
destination,1129076000,서울특별시 성북구 장위제1동,name_not_found,72
destination,1153077000,서울특별시 구로구 오류제1동,name_not_found,72
destination,2629060000,부산광역시 남구 용호제4동,name_not_found,72
destination,4311162000,충청북도 청주시 상당구 탑대성동,name_not_found,72
destination,2647064000,부산광역시 연제구 거제제4동,name_not_found,71
destination,1153076000,서울특별시 구로구 개봉제3동,name_not_found,70
destination,1126055000,서울특별시 중랑구 면목제5동,name_not_found,69
destination,1156070000,서울특별시 영등포구 대림제1동,name_not_found,69
destination,2620066000,부산광역시 영도구 동삼제2동,name_not_found,69
destination,2629059000,부산광역시 남구 용호제3동,name_not_found,69
destination,2629068000,부산광역시 남구 문현제1동,name_not_found,69
destination,2638052000,부산광역시 사하구 괴정제2동,name_not_found,69
destination,1111071000,서울특별시 종로구 숭인제2동,name_not_found,68
destination,1121574000,서울특별시 광진구 중곡제1동,name_not_found,68
destination,1156066000,서울특별시 영등포구 신길제4동,name_not_found,66
destination,2729053500,대구광역시 달서구 두류1.2동,name_not_found,66
destination,2726058000,대구광역시 수성구 수성2.3가동,name_not_found,65
destination,1156065000,서울특별시 영등포구 신길제3동,name_not_found,64
destination,2617065000,부산광역시 동구 범일제1동,name_not_found,64
destination,2632052100,부산광역시 북구 구포제3동,name_not_found,64
destination,2623070000,부산광역시 부산진구 당감제4동,name_not_found,63
destination,2817752000,인천광역시 미추홀구 숭의1.3동,name_not_found,62
destination,2632055000,부산광역시 북구 덕천제1동,name_not_found,61
destination,2617051000,부산광역시 동구 초량제1동,name_not_found,60
destination,1129077000,서울특별시 성북구 장위제2동,name_not_found,59
destination,1132051300,서울특별시 도봉구 창제3동,name_not_found,59
destination,1156067000,서울특별시 영등포구 신길제5동,name_not_found,59
destination,3611035000,세종특별자치시 장군면,name_not_found,59
destination,1111067000,서울특별시 종로구 창신제1동,name_not_found,58
destination,3611033000,세종특별자치시 부강면,name_not_found,58
destination,2629062000,부산광역시 남구 감만제1동,name_not_found,57
destination,2635059500,부산광역시 해운대구 반여제4동,name_not_found,57
destination,1154570000,서울특별시 금천구 시흥제4동,name_not_found,56
destination,2614056000,부산광역시 서구 서대신제3동,name_not_found,56
destination,2617052000,부산광역시 동구 초량제2동,name_not_found,56
destination,1156071000,서울특별시 영등포구 대림제2동,name_not_found,55
destination,2623068000,부산광역시 부산진구 당감제2동,name_not_found,55
destination,2629071000,부산광역시 남구 문현제4동,name_not_found,55
destination,3611037000,세종특별자치시 전의면,name_not_found,55
destination,1126066000,서울특별시 중랑구 망우제3동,name_not_found,54
destination,1141065500,서울특별시 서대문구 홍제제2동,name_not_found,54
destination,1154562000,서울특별시 금천구 독산제2동,name_not_found,54
destination,2620055000,부산광역시 영도구 영선제2동,name_not_found,54
destination,1129078000,서울특별시 성북구 장위제3동,name_not_found,53
destination,2614057000,부산광역시 서구 서대신제4동,name_not_found,53
destination,1154564000,서울특별시 금천구 독산제4동,name_not_found,52
destination,3611034000,세종특별자치시 금남면,name_not_found,52
destination,1150055000,서울특별시 강서구 화곡제2동,name_not_found,51
destination,2614052000,부산광역시 서구 동대신제2동,name_not_found,51
destination,4313064000,충청북도 충주시 목행.용탄동,name_not_found,51
destination,2717056500,대구광역시 서구 비산2.3동,name_not_found,48
destination,1111069000,서울특별시 종로구 창신제3동,name_not_found,47
destination,1117064000,서울특별시 용산구 이촌제2동,name_not_found,46
destination,2614066000,부산광역시 서구 남부민제2동,name_not_found,46
destination,2638054000,부산광역시 사하구 괴정제4동,name_not_found,45
destination,2641057000,부산광역시 금정구 부곡제1동,name_not_found,45
destination,2717052500,대구광역시 서구 내당2.3동,name_not_found,45
destination,1159065000,서울특별시 동작구 사당제4동,name_not_found,44
destination,2614065000,부산광역시 서구 남부민제1동,name_not_found,44
destination,2617056000,부산광역시 동구 수정제1동,name_not_found,44
destination,2641059100,부산광역시 금정구 부곡제4동,name_not_found,44
destination,3611036000,세종특별자치시 연서면,name_not_found,44
destination,1117066000,서울특별시 용산구 이태원제2동,name_not_found,43
destination,2641053000,부산광역시 금정구 서제3동,name_not_found,43
destination,2653059300,부산광역시 사상구 모라제3동,name_not_found,41
destination,2714055500,대구광역시 동구 신천1.2동,name_not_found,41
destination,2620063000,부산광역시 영도구 청학제1동,name_not_found,40
destination,2641052000,부산광역시 금정구 서제2동,name_not_found,40
destination,3611031000,세종특별자치시 연기면,name_not_found,40
destination,2620054000,부산광역시 영도구 영선제1동,name_not_found,39
destination,2814052500,인천광역시 동구 화수1.화평동,name_not_found,39
destination,4313051500,충청북도 충주시 성내.충인동,name_not_found,39
destination,2617068000,부산광역시 동구 범일제5동,name_not_found,38
destination,4167034000,경기도 여주시 능서면,name_not_found,38
destination,2632056100,부산광역시 북구 덕천제3동,name_not_found,37
destination,3611032000,세종특별자치시 연동면,name_not_found,37
destination,1111068000,서울특별시 종로구 창신제2동,name_not_found,36
destination,2647067000,부산광역시 연제구 연산제3동,name_not_found,36
destination,2614051000,부산광역시 서구 동대신제1동,name_not_found,35
destination,2617055000,부산광역시 동구 초량제6동,name_not_found,35
destination,2620060500,부산광역시 영도구 봉래제2동,name_not_found,33
destination,2653060000,부산광역시 사상구 덕포제1동,name_not_found,33
destination,2629063000,부산광역시 남구 감만제2동,name_not_found,32
destination,1111070000,서울특별시 종로구 숭인제1동,name_not_found,31
destination,2641051000,부산광역시 금정구 서제1동,name_not_found,31
destination,2611059000,부산광역시 중구 영주제1동,name_not_found,30
destination,2620067000,부산광역시 영도구 동삼제3동,name_not_found,30
destination,3611038000,세종특별자치시 전동면,name_not_found,30
destination,2611060000,부산광역시 중구 영주제2동,name_not_found,29
destination,2635058000,부산광역시 해운대구 반여제2동,name_not_found,28
destination,2617060000,부산광역시 동구 수정제5동,name_not_found,26
destination,2638063000,부산광역시 사하구 감천제2동,name_not_found,25
destination,1174069000,서울특별시 강동구 둔촌제1동,name_not_found,20
destination,3611052500,,code_not_in_lookup,19
destination,2617059000,부산광역시 동구 수정제4동,name_not_found,18
destination,2635059000,부산광역시 해운대구 반여제3동,name_not_found,13
destination,3611039000,세종특별자치시 소정면,name_not_found,12
destination,3611055600,,code_not_in_lookup,6
destination,4122065000,,code_not_in_lookup,5
destination,4275031000,강원도 영월군 중동면,name_not_found,4
destination,4413356600,,code_not_in_lookup,1
origin,1111061500,서울특별시 종로구 종로1.2.3.4가동,name_not_found,863
origin,4311259000,충청북도 청주시 서원구 성화.개신.죽림동,name_not_found,601
origin,4413356500,충청남도 천안시 서북구 불당동,name_not_found,579
origin,1153054000,서울특별시 구로구 구로제3동,name_not_found,557
origin,1150060300,서울특별시 강서구 가양제1동,name_not_found,506
origin,4311454000,충청북도 청주시 청원구 율량.사천동,name_not_found,471
origin,3611052000,세종특별자치시 도담동,name_not_found,443
origin,2635052000,부산광역시 해운대구 우제2동,name_not_found,410
origin,2641061000,부산광역시 금정구 장전제2동,name_not_found,388
origin,1150061100,서울특별시 강서구 발산제1동,name_not_found,380
origin,2623052000,부산광역시 부산진구 부전제2동,name_not_found,368
origin,1156056000,서울특별시 영등포구 당산제2동,name_not_found,348
origin,2629053000,부산광역시 남구 대연제3동,name_not_found,348
origin,1120069000,서울특별시 성동구 성수2가제3동,name_not_found,330
origin,4311376000,충청북도 청주시 흥덕구 강서제1동,name_not_found,330
origin,1150063000,서울특별시 강서구 방화제1동,name_not_found,304
origin,2629057000,부산광역시 남구 용호제1동,name_not_found,297
origin,2647061000,부산광역시 연제구 거제제1동,name_not_found,296
origin,1154561000,서울특별시 금천구 독산제1동,name_not_found,288
origin,3611051500,세종특별자치시 새롬동,name_not_found,280
origin,3611025000,세종특별자치시 조치원읍,name_not_found,272
origin,1135069500,서울특별시 노원구 상계6.7동,name_not_found,271
origin,1159051000,서울특별시 동작구 노량진제1동,name_not_found,269
origin,4311375600,충청북도 청주시 흥덕구 봉명2.송정동,name_not_found,268
origin,2617053000,부산광역시 동구 초량제3동,name_not_found,267
origin,1150053500,서울특별시 강서구 등촌제3동,name_not_found,262
origin,3611055500,세종특별자치시 소담동,name_not_found,261
origin,1159068000,서울특별시 동작구 신대방제2동,name_not_found,258
origin,1153056000,서울특별시 구로구 구로제5동,name_not_found,255
origin,1120066000,서울특별시 성동구 성수1가제2동,name_not_found,246
origin,2635065000,부산광역시 해운대구 재송제1동,name_not_found,239
origin,2623051000,부산광역시 부산진구 부전제1동,name_not_found,235
origin,2638056200,부산광역시 사하구 하단제2동,name_not_found,234
origin,1159053000,서울특별시 동작구 상도제1동,name_not_found,230
origin,2632054300,부산광역시 북구 화명제3동,name_not_found,230
origin,1144073000,서울특별시 마포구 성산제2동,name_not_found,228
origin,2647069000,부산광역시 연제구 연산제5동,name_not_found,222
origin,1129066000,서울특별시 성북구 길음제1동,name_not_found,217
origin,1156061000,서울특별시 영등포구 양평제1동,name_not_found,216
origin,2638060100,부산광역시 사하구 다대제1동,name_not_found,215
origin,1174061000,서울특별시 강동구 천호제2동,name_not_found,214
origin,4311377000,충청북도 청주시 흥덕구 강서제2동,name_not_found,212
origin,1159062000,서울특별시 동작구 사당제1동,name_not_found,210
origin,1126062000,서울특별시 중랑구 묵제1동,name_not_found,209
origin,1156062000,서울특별시 영등포구 양평제2동,name_not_found,209
origin,2620065000,부산광역시 영도구 동삼제1동,name_not_found,204
origin,1150054000,서울특별시 강서구 화곡제1동,name_not_found,203
origin,1159063000,서울특별시 동작구 사당제2동,name_not_found,202
origin,3611055000,세종특별자치시 고운동,name_not_found,201
origin,4146555500,,code_not_in_lookup,201
origin,1153053000,서울특별시 구로구 구로제2동,name_not_found,200
origin,2635051000,부산광역시 해운대구 우제1동,name_not_found,198
origin,2635053000,부산광역시 해운대구 중제1동,name_not_found,195
origin,1120056000,서울특별시 성동구 행당제1동,name_not_found,194
origin,1121587000,서울특별시 광진구 구의제3동,name_not_found,193
origin,1138052000,서울특별시 은평구 불광제1동,name_not_found,193
origin,2635057000,부산광역시 해운대구 반여제1동,name_not_found,191
origin,1132051500,서울특별시 도봉구 창제5동,name_not_found,190
origin,2647073000,부산광역시 연제구 연산제9동,name_not_found,190
origin,1156055000,서울특별시 영등포구 당산제1동,name_not_found,188
origin,1174070000,서울특별시 강동구 둔촌제2동,name_not_found,188
origin,1153078000,서울특별시 구로구 오류제2동,name_not_found,187
origin,3611054000,세종특별자치시 종촌동,name_not_found,186
origin,1123056000,서울특별시 동대문구 전농제1동,name_not_found,185
origin,1123065000,서울특별시 동대문구 장안제1동,name_not_found,184
origin,2623060000,부산광역시 부산진구 전포제1동,name_not_found,184
origin,1121584000,서울특별시 광진구 자양제3동,name_not_found,183
origin,2650066000,부산광역시 수영구 남천제1동,name_not_found,183
origin,1120065000,서울특별시 성동구 성수1가제1동,name_not_found,182
origin,1154567000,서울특별시 금천구 시흥제1동,name_not_found,180
origin,1132051400,서울특별시 도봉구 창제4동,name_not_found,177
origin,1132069000,서울특별시 도봉구 방학제1동,name_not_found,177
origin,1120067000,서울특별시 성동구 성수2가제1동,name_not_found,176
origin,1138058000,서울특별시 은평구 응암제1동,name_not_found,176
origin,2626059000,부산광역시 동래구 사직제2동,name_not_found,176
origin,1123066000,서울특별시 동대문구 장안제2동,name_not_found,175
origin,2641069000,부산광역시 금정구 구서제2동,name_not_found,175
origin,1150064000,서울특별시 강서구 방화제2동,name_not_found,173
origin,2653066000,부산광역시 사상구 주례제2동,name_not_found,171
origin,4311169000,충청북도 청주시 상당구 용담.명암.산성동,name_not_found,171
origin,2641068000,부산광역시 금정구 구서제1동,name_not_found,169
origin,2647066000,부산광역시 연제구 연산제2동,name_not_found,169
origin,1123073000,서울특별시 동대문구 휘경제2동,name_not_found,168
origin,1174053000,서울특별시 강동구 명일제1동,name_not_found,168
origin,1121583000,서울특별시 광진구 자양제2동,name_not_found,167
origin,2623056000,부산광역시 부산진구 양정제1동,name_not_found,167
origin,2632056000,부산광역시 북구 덕천제2동,name_not_found,167
origin,1153075000,서울특별시 구로구 개봉제2동,name_not_found,164
origin,1174054000,서울특별시 강동구 명일제2동,name_not_found,164
origin,2635055200,부산광역시 해운대구 좌제2동,name_not_found,164
origin,2653059100,부산광역시 사상구 모라제1동,name_not_found,164
origin,1153072000,서울특별시 구로구 고척제1동,name_not_found,163
origin,1174064000,서울특별시 강동구 성내제1동,name_not_found,163
origin,4146558500,,code_not_in_lookup,162
origin,1111063000,서울특별시 종로구 종로5.6가동,name_not_found,161
origin,3611053000,세종특별자치시 아름동,name_not_found,161
origin,1132051100,서울특별시 도봉구 창제1동,name_not_found,160
origin,2617066000,부산광역시 동구 범일제2동,name_not_found,160
origin,2632054100,부산광역시 북구 화명제1동,name_not_found,160
origin,2817761000,인천광역시 미추홀구 도화2.3동,name_not_found,160
origin,1135062500,서울특별시 노원구 중계2.3동,name_not_found,158
origin,1174052500,서울특별시 강동구 상일제1동,name_not_found,158
origin,3611056000,세종특별자치시 보람동,name_not_found,158
origin,1123074000,서울특별시 동대문구 이문제1동,name_not_found,157
origin,2626055000,부산광역시 동래구 온천제1동,name_not_found,156
origin,4146152500,,code_not_in_lookup,154
origin,3611051000,세종특별자치시 한솔동,name_not_found,152
origin,1132052200,서울특별시 도봉구 도봉제2동,name_not_found,151
origin,1159054000,서울특별시 동작구 상도제2동,name_not_found,150
origin,2635055100,부산광역시 해운대구 좌제1동,name_not_found,150
origin,1126059000,서울특별시 중랑구 상봉제2동,name_not_found,149
origin,1129068500,서울특별시 성북구 길음제2동,name_not_found,149
origin,2647065000,부산광역시 연제구 연산제1동,name_not_found,148
origin,2650077000,부산광역시 수영구 광안제2동,name_not_found,148
origin,1138055200,서울특별시 은평구 갈현제2동,name_not_found,146
origin,1123057000,서울특별시 동대문구 전농제2동,name_not_found,145
origin,1150052000,서울특별시 강서구 등촌제1동,name_not_found,144
origin,2817754000,인천광역시 미추홀구 용현1.4동,name_not_found,143
origin,2635055400,부산광역시 해운대구 좌제4동,name_not_found,142
origin,4313062500,충청북도 충주시 칠금.금릉동,name_not_found,142
origin,1141068500,서울특별시 서대문구 홍은제2동,name_not_found,141
origin,1174062000,서울특별시 강동구 천호제3동,name_not_found,141
origin,4313058000,충청북도 충주시 호암.직동,name_not_found,141
origin,1132051200,서울특별시 도봉구 창제2동,name_not_found,140
origin,1174057000,서울특별시 강동구 암사제1동,name_not_found,138
origin,1126058000,서울특별시 중랑구 상봉제1동,name_not_found,137
origin,1150064100,서울특별시 강서구 방화제3동,name_not_found,137
origin,1153052000,서울특별시 구로구 구로제1동,name_not_found,137
origin,1153074000,서울특별시 구로구 개봉제1동,name_not_found,137
origin,1159064000,서울특별시 동작구 사당제3동,name_not_found,137
origin,2641059000,부산광역시 금정구 부곡제3동,name_not_found,137
origin,1123060000,서울특별시 동대문구 답십리제1동,name_not_found,135
origin,1129063000,서울특별시 성북구 정릉제2동,name_not_found,135
origin,1129072500,서울특별시 성북구 월곡제2동,name_not_found,135
origin,2650074000,부산광역시 수영구 망미제1동,name_not_found,135
origin,1121582000,서울특별시 광진구 자양제1동,name_not_found,134
origin,2623077000,부산광역시 부산진구 범천제1동,name_not_found,134
origin,1138060000,서울특별시 은평구 응암제3동,name_not_found,133
origin,1174066000,서울특별시 강동구 성내제3동,name_not_found,133
origin,2623076000,부산광역시 부산진구 개금제3동,name_not_found,133
origin,2626075000,부산광역시 동래구 안락제2동,name_not_found,132
origin,1144072000,서울특별시 마포구 성산제1동,name_not_found,131
origin,2623064000,부산광역시 부산진구 부암제1동,name_not_found,131
origin,2632052000,부산광역시 북구 구포제2동,name_not_found,131
origin,1121586000,서울특별시 광진구 구의제2동,name_not_found,130
origin,2650076000,부산광역시 수영구 광안제1동,name_not_found,129
origin,2638060200,부산광역시 사하구 다대제2동,name_not_found,128
origin,1132066000,서울특별시 도봉구 쌍문제1동,name_not_found,127
origin,1144070000,서울특별시 마포구 망원제2동,name_not_found,127
origin,1154568000,서울특별시 금천구 시흥제2동,name_not_found,127
origin,2626057000,부산광역시 동래구 온천제3동,name_not_found,127
origin,2632057200,부산광역시 북구 만덕제2동,name_not_found,127
origin,1129071500,서울특별시 성북구 월곡제1동,name_not_found,126
origin,1129065000,서울특별시 성북구 정릉제4동,name_not_found,124
origin,1132071000,서울특별시 도봉구 방학제3동,name_not_found,124
origin,1150053000,서울특별시 강서구 등촌제2동,name_not_found,124
origin,2638057200,부산광역시 사하구 신평제2동,name_not_found,124
origin,2641058000,부산광역시 금정구 부곡제2동,name_not_found,123
origin,4311370000,충청북도 청주시 흥덕구 운천.신봉동,name_not_found,123
origin,1156068000,서울특별시 영등포구 신길제6동,name_not_found,122
origin,2623071000,부산광역시 부산진구 가야제1동,name_not_found,122
origin,2714062000,대구광역시 동구 불로.봉무동,name_not_found,122
origin,1117056000,서울특별시 용산구 원효로제1동,name_not_found,121
origin,2623057000,부산광역시 부산진구 양정제2동,name_not_found,121
origin,1117063000,서울특별시 용산구 이촌제1동,name_not_found,120
origin,2635052500,부산광역시 해운대구 우제3동,name_not_found,120
origin,2638059000,부산광역시 사하구 장림제2동,name_not_found,120
origin,1141066000,서울특별시 서대문구 홍은제1동,name_not_found,119
origin,2638056100,부산광역시 사하구 하단제1동,name_not_found,119
origin,2641060000,부산광역시 금정구 장전제1동,name_not_found,119
origin,3611058000,세종특별자치시 다정동,name_not_found,119
origin,1156072000,서울특별시 영등포구 대림제3동,name_not_found,118
origin,1123061000,서울특별시 동대문구 답십리제2동,name_not_found,117
origin,1150059100,서울특별시 강서구 화곡제6동,name_not_found,116
origin,1138055100,서울특별시 은평구 갈현제1동,name_not_found,115
origin,1121584700,서울특별시 광진구 자양제4동,name_not_found,114
origin,1129059000,서울특별시 성북구 돈암제2동,name_not_found,114
origin,1138059000,서울특별시 은평구 응암제2동,name_not_found,114
origin,4313053500,충청북도 충주시 교현.안림동,name_not_found,114
origin,1150056000,서울특별시 강서구 화곡제3동,name_not_found,113
origin,2638062000,부산광역시 사하구 감천제1동,name_not_found,113
origin,1141070000,서울특별시 서대문구 남가좌제2동,name_not_found,112
origin,1153073000,서울특별시 구로구 고척제2동,name_not_found,112
origin,1174055000,서울특별시 강동구 고덕제1동,name_not_found,112
origin,1144069000,서울특별시 마포구 망원제1동,name_not_found,111
origin,2632051000,부산광역시 북구 구포제1동,name_not_found,111
origin,2653066100,부산광역시 사상구 주례제3동,name_not_found,111
origin,1150060500,서울특별시 강서구 가양제3동,name_not_found,110
origin,1159056000,서울특별시 동작구 상도제4동,name_not_found,110
origin,2647062000,부산광역시 연제구 거제제2동,name_not_found,110
origin,1123075000,서울특별시 동대문구 이문제2동,name_not_found,109
origin,1141072000,서울특별시 서대문구 북가좌제2동,name_not_found,109
origin,1159052000,서울특별시 동작구 노량진제2동,name_not_found,109
origin,1174056000,서울특별시 강동구 고덕제2동,name_not_found,109
origin,2626056000,부산광역시 동래구 온천제2동,name_not_found,109
origin,2629055000,부산광역시 남구 대연제5동,name_not_found,109
origin,2629058000,부산광역시 남구 용호제2동,name_not_found,109
origin,2623067000,부산광역시 부산진구 당감제1동,name_not_found,108
origin,2623072000,부산광역시 부산진구 가야제2동,name_not_found,108
origin,1126061000,서울특별시 중랑구 중화제2동,name_not_found,106
origin,1150059300,서울특별시 강서구 화곡제8동,name_not_found,106
origin,1174059000,서울특별시 강동구 암사제3동,name_not_found,106
origin,2632057300,부산광역시 북구 만덕제3동,name_not_found,105
origin,3611057000,세종특별자치시 대평동,name_not_found,105
origin,1132067000,서울특별시 도봉구 쌍문제2동,name_not_found,104
origin,2629069000,부산광역시 남구 문현제2동,name_not_found,104
origin,2650075000,부산광역시 수영구 망미제2동,name_not_found,104
origin,1174065000,서울특별시 강동구 성내제2동,name_not_found,102
origin,2638051000,부산광역시 사하구 괴정제1동,name_not_found,102
origin,2647072000,부산광역시 연제구 연산제8동,name_not_found,102
origin,1132070000,서울특별시 도봉구 방학제2동,name_not_found,101
origin,2614054000,부산광역시 서구 서대신제1동,name_not_found,101
origin,1126057000,서울특별시 중랑구 면목제7동,name_not_found,100
origin,1126057500,서울특별시 중랑구 면목제3.8동,name_not_found,100
origin,1141069000,서울특별시 서대문구 남가좌제1동,name_not_found,100
origin,1154571000,서울특별시 금천구 시흥제5동,name_not_found,100
origin,2623061000,부산광역시 부산진구 전포제2동,name_not_found,100
origin,1126052000,서울특별시 중랑구 면목제2동,name_not_found,99
origin,1129062000,서울특별시 성북구 정릉제1동,name_not_found,99
origin,1138063100,서울특별시 은평구 신사제1동,name_not_found,99
origin,2629056000,부산광역시 남구 대연제6동,name_not_found,99
origin,1141064000,서울특별시 서대문구 홍제제3동,name_not_found,98
origin,1141071000,서울특별시 서대문구 북가좌제1동,name_not_found,97
origin,1159065100,서울특별시 동작구 사당제5동,name_not_found,97
origin,1174060000,서울특별시 강동구 천호제1동,name_not_found,97
origin,1120057000,서울특별시 성동구 행당제2동,name_not_found,96
origin,1121577000,서울특별시 광진구 중곡제4동,name_not_found,96
origin,1138053000,서울특별시 은평구 불광제2동,name_not_found,96
origin,1159067000,서울특별시 동작구 신대방제1동,name_not_found,96
origin,1121585000,서울특별시 광진구 구의제1동,name_not_found,95
origin,2629051000,부산광역시 남구 대연제1동,name_not_found,95
origin,1150057000,서울특별시 강서구 화곡제4동,name_not_found,94
origin,1153055000,서울특별시 구로구 구로제4동,name_not_found,94
origin,2617057000,부산광역시 동구 수정제2동,name_not_found,94
origin,2626076100,부산광역시 동래구 명장제1동,name_not_found,94
origin,2647070000,부산광역시 연제구 연산제6동,name_not_found,94
origin,4146152600,,code_not_in_lookup,94
origin,1117057000,서울특별시 용산구 원효로제2동,name_not_found,93
origin,1126063000,서울특별시 중랑구 묵제2동,name_not_found,93
origin,1132068000,서울특별시 도봉구 쌍문제3동,name_not_found,93
origin,2626074000,부산광역시 동래구 안락제1동,name_not_found,93
origin,1121575000,서울특별시 광진구 중곡제2동,name_not_found,92
origin,1129058000,서울특별시 성북구 돈암제1동,name_not_found,91
origin,1154563000,서울특별시 금천구 독산제3동,name_not_found,91
origin,2635066000,부산광역시 해운대구 재송제2동,name_not_found,91
origin,2650079000,부산광역시 수영구 광안제4동,name_not_found,91
origin,1132068100,서울특별시 도봉구 쌍문제4동,name_not_found,90
origin,1117065000,서울특별시 용산구 이태원제1동,name_not_found,88
origin,1156069000,서울특별시 영등포구 신길제7동,name_not_found,88
origin,2650067000,부산광역시 수영구 남천제2동,name_not_found,88
origin,1159055000,서울특별시 동작구 상도제3동,name_not_found,87
origin,1174058000,서울특별시 강동구 암사제2동,name_not_found,87
origin,2614053000,부산광역시 서구 동대신제3동,name_not_found,87
origin,2620064000,부산광역시 영도구 청학제2동,name_not_found,87
origin,2626076200,부산광역시 동래구 명장제2동,name_not_found,87
origin,2653065000,부산광역시 사상구 주례제1동,name_not_found,87
origin,1129064000,서울특별시 성북구 정릉제3동,name_not_found,86
origin,1132052100,서울특별시 도봉구 도봉제1동,name_not_found,86
origin,1135066500,서울특별시 노원구 상계3.4동,name_not_found,86
origin,2635055300,부산광역시 해운대구 좌제3동,name_not_found,86
origin,1120052000,서울특별시 성동구 왕십리제2동,name_not_found,85
origin,2635062000,부산광역시 해운대구 반송제2동,name_not_found,85
origin,1156063000,서울특별시 영등포구 신길제1동,name_not_found,84
origin,2629054000,부산광역시 남구 대연제4동,name_not_found,84
origin,2623066000,부산광역시 부산진구 부암제3동,name_not_found,83
origin,2635061000,부산광역시 해운대구 반송제1동,name_not_found,83
origin,2638058000,부산광역시 사하구 장림제1동,name_not_found,83
origin,1121576000,서울특별시 광진구 중곡제3동,name_not_found,82
origin,1138063200,서울특별시 은평구 신사제2동,name_not_found,82
origin,2623078000,부산광역시 부산진구 범천제2동,name_not_found,82
origin,1120061500,서울특별시 성동구 금호2.3가동,name_not_found,81
origin,1123072000,서울특별시 동대문구 휘경제1동,name_not_found,81
origin,1174052600,서울특별시 강동구 상일제2동,name_not_found,81
origin,1154569000,서울특별시 금천구 시흥제3동,name_not_found,80
origin,2623075000,부산광역시 부산진구 개금제2동,name_not_found,80
origin,2629070000,부산광역시 남구 문현제3동,name_not_found,80
origin,2638053000,부산광역시 사하구 괴정제3동,name_not_found,80
origin,2650078000,부산광역시 수영구 광안제3동,name_not_found,80
origin,2814060500,인천광역시 동구 송림3.5동,name_not_found,80
origin,1141062000,서울특별시 서대문구 홍제제1동,name_not_found,79
origin,2653061000,부산광역시 사상구 덕포제2동,name_not_found,79
origin,2623074000,부산광역시 부산진구 개금제1동,name_not_found,78
origin,2632057100,부산광역시 북구 만덕제1동,name_not_found,78
origin,2647063000,부산광역시 연제구 거제제3동,name_not_found,78
origin,2620059000,부산광역시 영도구 봉래제1동,name_not_found,77
origin,2632054200,부산광역시 북구 화명제2동,name_not_found,77
origin,2814055500,인천광역시 동구 송현1.2동,name_not_found,77
origin,1114065000,서울특별시 중구 신당제5동,name_not_found,76
origin,2638057100,부산광역시 사하구 신평제1동,name_not_found,76
origin,2647068000,부산광역시 연제구 연산제4동,name_not_found,76
origin,1126054000,서울특별시 중랑구 면목제4동,name_not_found,75
origin,2629060000,부산광역시 남구 용호제4동,name_not_found,75
origin,1153076000,서울특별시 구로구 개봉제3동,name_not_found,74
origin,1126060000,서울특별시 중랑구 중화제1동,name_not_found,73
origin,1150060400,서울특별시 강서구 가양제2동,name_not_found,73
origin,1153077000,서울특별시 구로구 오류제1동,name_not_found,73
origin,2626060000,부산광역시 동래구 사직제3동,name_not_found,73
origin,1126055000,서울특별시 중랑구 면목제5동,name_not_found,72
origin,1129076000,서울특별시 성북구 장위제1동,name_not_found,72
origin,2626058000,부산광역시 동래구 사직제1동,name_not_found,71
origin,2635054000,부산광역시 해운대구 중제2동,name_not_found,71
origin,4311162000,충청북도 청주시 상당구 탑대성동,name_not_found,71
origin,2629068000,부산광역시 남구 문현제1동,name_not_found,70
origin,1111071000,서울특별시 종로구 숭인제2동,name_not_found,69
origin,1156070000,서울특별시 영등포구 대림제1동,name_not_found,69
origin,2620066000,부산광역시 영도구 동삼제2동,name_not_found,69
origin,2638052000,부산광역시 사하구 괴정제2동,name_not_found,69
origin,2647064000,부산광역시 연제구 거제제4동,name_not_found,69
origin,1121574000,서울특별시 광진구 중곡제1동,name_not_found,68
origin,2629059000,부산광역시 남구 용호제3동,name_not_found,67
origin,2617065000,부산광역시 동구 범일제1동,name_not_found,66
origin,2632052100,부산광역시 북구 구포제3동,name_not_found,66
origin,2726058000,대구광역시 수성구 수성2.3가동,name_not_found,66
origin,2729053500,대구광역시 달서구 두류1.2동,name_not_found,66
origin,2817752000,인천광역시 미추홀구 숭의1.3동,name_not_found,65
origin,1156065000,서울특별시 영등포구 신길제3동,name_not_found,64
origin,1156066000,서울특별시 영등포구 신길제4동,name_not_found,64
origin,2623070000,부산광역시 부산진구 당감제4동,name_not_found,63
origin,2632055000,부산광역시 북구 덕천제1동,name_not_found,61
origin,2635059500,부산광역시 해운대구 반여제4동,name_not_found,61
origin,1129077000,서울특별시 성북구 장위제2동,name_not_found,59
origin,1156067000,서울특별시 영등포구 신길제5동,name_not_found,59
origin,2617051000,부산광역시 동구 초량제1동,name_not_found,59
origin,3611035000,세종특별자치시 장군면,name_not_found,59
origin,1154570000,서울특별시 금천구 시흥제4동,name_not_found,58
origin,1156071000,서울특별시 영등포구 대림제2동,name_not_found,58
origin,1111067000,서울특별시 종로구 창신제1동,name_not_found,57
origin,1126066000,서울특별시 중랑구 망우제3동,name_not_found,57
origin,1132051300,서울특별시 도봉구 창제3동,name_not_found,57
origin,2629071000,부산광역시 남구 문현제4동,name_not_found,57
origin,3611033000,세종특별자치시 부강면,name_not_found,57
origin,1141065500,서울특별시 서대문구 홍제제2동,name_not_found,56
origin,1154562000,서울특별시 금천구 독산제2동,name_not_found,56
origin,2614056000,부산광역시 서구 서대신제3동,name_not_found,56
origin,2617052000,부산광역시 동구 초량제2동,name_not_found,56
origin,1150055000,서울특별시 강서구 화곡제2동,name_not_found,55
origin,1154564000,서울특별시 금천구 독산제4동,name_not_found,55
origin,2629062000,부산광역시 남구 감만제1동,name_not_found,55
origin,2620055000,부산광역시 영도구 영선제2동,name_not_found,54
origin,3611037000,세종특별자치시 전의면,name_not_found,54
origin,1129078000,서울특별시 성북구 장위제3동,name_not_found,53
origin,2623068000,부산광역시 부산진구 당감제2동,name_not_found,53
origin,2614052000,부산광역시 서구 동대신제2동,name_not_found,51
origin,2614057000,부산광역시 서구 서대신제4동,name_not_found,51
origin,3611034000,세종특별자치시 금남면,name_not_found,51
origin,4313064000,충청북도 충주시 목행.용탄동,name_not_found,50
origin,2614066000,부산광역시 서구 남부민제2동,name_not_found,48
origin,1117064000,서울특별시 용산구 이촌제2동,name_not_found,47
origin,2617056000,부산광역시 동구 수정제1동,name_not_found,47
origin,1111069000,서울특별시 종로구 창신제3동,name_not_found,46
origin,2638054000,부산광역시 사하구 괴정제4동,name_not_found,46
origin,2653059300,부산광역시 사상구 모라제3동,name_not_found,46
origin,2717052500,대구광역시 서구 내당2.3동,name_not_found,46
origin,2641059100,부산광역시 금정구 부곡제4동,name_not_found,45
origin,2717056500,대구광역시 서구 비산2.3동,name_not_found,45
origin,1159065000,서울특별시 동작구 사당제4동,name_not_found,44
origin,2641057000,부산광역시 금정구 부곡제1동,name_not_found,44
origin,2714055500,대구광역시 동구 신천1.2동,name_not_found,44
origin,1117066000,서울특별시 용산구 이태원제2동,name_not_found,43
origin,2641052000,부산광역시 금정구 서제2동,name_not_found,43
origin,2620063000,부산광역시 영도구 청학제1동,name_not_found,42
origin,2641053000,부산광역시 금정구 서제3동,name_not_found,42
origin,3611036000,세종특별자치시 연서면,name_not_found,42
origin,2614065000,부산광역시 서구 남부민제1동,name_not_found,41
origin,3611031000,세종특별자치시 연기면,name_not_found,40
origin,2617068000,부산광역시 동구 범일제5동,name_not_found,39
origin,4313051500,충청북도 충주시 성내.충인동,name_not_found,39
origin,2620054000,부산광역시 영도구 영선제1동,name_not_found,38
origin,2814052500,인천광역시 동구 화수1.화평동,name_not_found,38
origin,4167034000,경기도 여주시 능서면,name_not_found,38
origin,2632056100,부산광역시 북구 덕천제3동,name_not_found,37
origin,3611032000,세종특별자치시 연동면,name_not_found,37
origin,2647067000,부산광역시 연제구 연산제3동,name_not_found,36
origin,2617055000,부산광역시 동구 초량제6동,name_not_found,35
origin,2653060000,부산광역시 사상구 덕포제1동,name_not_found,35
origin,1111068000,서울특별시 종로구 창신제2동,name_not_found,34
origin,2614051000,부산광역시 서구 동대신제1동,name_not_found,34
origin,2611060000,부산광역시 중구 영주제2동,name_not_found,32
origin,2620060500,부산광역시 영도구 봉래제2동,name_not_found,32
origin,1111070000,서울특별시 종로구 숭인제1동,name_not_found,31
origin,2611059000,부산광역시 중구 영주제1동,name_not_found,31
origin,2620067000,부산광역시 영도구 동삼제3동,name_not_found,31
origin,2629063000,부산광역시 남구 감만제2동,name_not_found,31
origin,2641051000,부산광역시 금정구 서제1동,name_not_found,31
origin,2635058000,부산광역시 해운대구 반여제2동,name_not_found,30
origin,3611038000,세종특별자치시 전동면,name_not_found,30
origin,2617060000,부산광역시 동구 수정제5동,name_not_found,27
origin,2638063000,부산광역시 사하구 감천제2동,name_not_found,25
origin,1174069000,서울특별시 강동구 둔촌제1동,name_not_found,21
origin,3611052500,,code_not_in_lookup,18
origin,2617059000,부산광역시 동구 수정제4동,name_not_found,17
origin,2635059000,부산광역시 해운대구 반여제3동,name_not_found,15
origin,3611039000,세종특별자치시 소정면,name_not_found,12
origin,3611055600,,code_not_in_lookup,6
origin,4122065000,,code_not_in_lookup,5
origin,4275031000,강원도 영월군 중동면,name_not_found,4
origin,4413356600,,code_not_in_lookup,1
