opr_ymd,route_id,route_no,route_name,stop_sequence,stop_id,stop_name,city_code,sgg_cd,emd_cd,ctpv_nm,sgg_nm,emd_nm,trfc_mns_se_cd,latitude,longitude,source,coordinate_status,latitude_resolved,longitude_resolved,coordinate_source,match_type
20250801,00000001,순환01(시청행),순환01(시청행),3,00003608,김대중컨벤션센터(마륵)역(북),29,29140,2914012000,광주광역시,서구,치평동,B,35.14406111,126.8409444,tago_route_specific_stop,not_provided_by_api,35.14406111,126.8409444,national_bus_stop_file,name_region_exact
20250801,00000001,순환01(시청행),순환01(시청행),7,00000295,상무대우아파트,29,29140,2914012000,광주광역시,서구,치평동,B,35.15736667,126.8472556,tago_route_specific_stop,not_provided_by_api,35.15736667,126.8472556,national_bus_stop_file,name_region_exact
20250801,00000001,순환01(시청행),순환01(시청행),44,00000917,상무쌍용금호아파트,29,29140,2914012000,광주광역시,서구,치평동,B,35.15073611,126.8472694,tago_route_specific_stop,not_provided_by_api,35.15073611,126.8472694,national_bus_stop_file,name_region_exact
20250801,00000007,매월16,매월16,56,00003762,동산교차로(북),29,29140,2914013200,광주광역시,서구,매월동,B,35.125836,126.851012,tago_route_specific_stop,not_provided_by_api,35.125836,126.851012,national_bus_stop_file,name_region_exact
20250801,00000007,매월16,매월16,57,00004055,동산교차로,29,29140,2914013200,광주광역시,서구,매월동,B,35.125301,126.850484,tago_route_specific_stop,not_provided_by_api,35.125301,126.850484,national_bus_stop_file,name_region_exact
20250801,00000007,매월16,매월16,58,00002751,동산교차로(남),29,29140,2914013200,광주광역시,서구,매월동,B,35.124331,126.852703,tago_route_specific_stop,not_provided_by_api,35.124331,126.852703,national_bus_stop_file,name_region_exact
20250801,00000007,매월16,매월16,66,00003196,풍암사거리(서),29,29140,2914013200,광주광역시,서구,매월동,B,35.12163056,126.8591194,tago_route_specific_stop,not_provided_by_api,35.12163056,126.8591194,national_bus_stop_file,name_region_exact
20250801,00000007,매월16,매월16,84,00000917,상무쌍용금호아파트,29,29140,2914012000,광주광역시,서구,치평동,B,35.15073611,126.8472694,tago_route_specific_stop,not_provided_by_api,35.15073611,126.8472694,national_bus_stop_file,name_region_exact
20250801,00000007,매월16,매월16,85,00001071,운천초교,29,29140,2914012000,광주광역시,서구,치평동,B,35.15344722,126.8472778,tago_route_specific_stop,not_provided_by_api,35.15344722,126.8472778,national_bus_stop_file,name_region_exact
20250801,00000007,매월16,매월16,86,00000295,상무대우아파트,29,29140,2914012000,광주광역시,서구,치평동,B,35.15736667,126.8472556,tago_route_specific_stop,not_provided_by_api,35.15736667,126.8472556,national_bus_stop_file,name_region_exact
20250801,00000008,진월17,진월17,41,00001757,풍암대주아파트,29,29140,2914012800,광주광역시,서구,풍암동,B,35.11933759,126.863356,tago_route_specific_stop,not_provided_by_api,35.11933759,126.863356,national_bus_stop_file,name_region_exact
20250801,00000008,진월17,진월17,50,00000742,서광주역,29,29140,2914013200,광주광역시,서구,매월동,B,35.12587222,126.8469806,tago_route_specific_stop,not_provided_by_api,35.12587222,126.8469806,national_bus_stop_file,name_region_exact
20250801,00000008,진월17,진월17,51,00004055,동산교차로,29,29140,2914013200,광주광역시,서구,매월동,B,35.125301,126.850484,tago_route_specific_stop,not_provided_by_api,35.125301,126.850484,national_bus_stop_file,name_region_exact
20250801,00000008,진월17,진월17,52,00003762,동산교차로(북),29,29140,2914013200,광주광역시,서구,매월동,B,35.125836,126.851012,tago_route_specific_stop,not_provided_by_api,35.125836,126.851012,national_bus_stop_file,name_region_exact
20250801,00000008,진월17,진월17,61,00001733,매월종합상가입구,29,29140,2914013200,광주광역시,서구,매월동,B,35.12001,126.860707,tago_route_specific_stop,not_provided_by_api,35.12001,126.860707,national_bus_stop_file,name_region_exact
20250801,00000010,송정19,송정19,29,00000744,서광주한전,29,29140,2914010600,광주광역시,서구,농성동,B,35.150875,126.8928111,tago_route_specific_stop,not_provided_by_api,35.150875,126.8928111,national_bus_stop_file,name_region_exact
20250801,00000010,송정19,송정19,90,00000745,돌고개역(서),29,29140,2914010600,광주광역시,서구,농성동,B,35.15165278,126.89465,tago_route_specific_stop,not_provided_by_api,35.15165278,126.89465,national_bus_stop_file,name_region_exact
20250801,00000010,송정19,송정19,92,00000717,농성SK뷰,29,29140,2914010600,광주광역시,서구,농성동,B,35.15368611,126.8866278,tago_route_specific_stop,not_provided_by_api,35.15368611,126.8866278,national_bus_stop_file,name_region_exact
20250801,00000011,첨단20,첨단20,64,00006664,종합건설본부,29,29140,2914011900,광주광역시,서구,화정동,B,35.145161,126.871939,tago_route_specific_stop,not_provided_by_api,35.145161,126.871939,national_bus_stop_file,name_region_exact
20250801,00000011,첨단20,첨단20,75,00001372,치평중,29,29140,2914011800,광주광역시,서구,쌍촌동,B,35.14458333,126.8605083,tago_route_specific_stop,not_provided_by_api,35.14458333,126.8605083,national_bus_stop_file,name_region_exact
20250801,00000012,지원25,지원25,50,00000742,서광주역,29,29140,2914013200,광주광역시,서구,매월동,B,35.12587222,126.8469806,tago_route_specific_stop,not_provided_by_api,35.12587222,126.8469806,national_bus_stop_file,name_region_exact
20250801,00000012,지원25,지원25,51,00004055,동산교차로,29,29140,2914013200,광주광역시,서구,매월동,B,35.125301,126.850484,tago_route_specific_stop,not_provided_by_api,35.125301,126.850484,national_bus_stop_file,name_region_exact
20250801,00000012,지원25,지원25,52,00003762,동산교차로(북),29,29140,2914013200,광주광역시,서구,매월동,B,35.125836,126.851012,tago_route_specific_stop,not_provided_by_api,35.125836,126.851012,national_bus_stop_file,name_region_exact
20250801,00000012,지원25,지원25,61,00004020,상무역(북),29,29140,2914012000,광주광역시,서구,치평동,B,35.14735856,126.8488017,tago_route_specific_stop,not_provided_by_api,35.14735856,126.8488017,national_bus_stop_file,name_region_exact
20250801,00000015,일곡28,일곡28,5,00001733,매월종합상가입구,29,29140,2914013200,광주광역시,서구,매월동,B,35.12001,126.860707,tago_route_specific_stop,not_provided_by_api,35.12001,126.860707,national_bus_stop_file,name_region_exact
20250801,00000015,일곡28,일곡28,116,00001757,풍암대주아파트,29,29140,2914012800,광주광역시,서구,풍암동,B,35.11933759,126.863356,tago_route_specific_stop,not_provided_by_api,35.11933759,126.863356,national_bus_stop_file,name_region_exact
20250801,00000019,봉선37,봉선37,45,00000744,서광주한전,29,29140,2914010600,광주광역시,서구,농성동,B,35.150875,126.8928111,tago_route_specific_stop,not_provided_by_api,35.150875,126.8928111,national_bus_stop_file,name_region_exact
20250801,00000019,봉선37,봉선37,101,00000745,돌고개역(서),29,29140,2914010600,광주광역시,서구,농성동,B,35.15165278,126.89465,tago_route_specific_stop,not_provided_by_api,35.15165278,126.89465,national_bus_stop_file,name_region_exact
20250801,00000019,봉선37,봉선37,103,00000717,농성SK뷰,29,29140,2914010600,광주광역시,서구,농성동,B,35.15368611,126.8866278,tago_route_specific_stop,not_provided_by_api,35.15368611,126.8866278,national_bus_stop_file,name_region_exact
20250801,00000019,봉선37,봉선37,105,00000865,신세계백화점(북),29,29140,2914010600,광주광역시,서구,농성동,B,35.15960833,126.8833083,tago_route_specific_stop,not_provided_by_api,35.15960833,126.8833083,national_bus_stop_file,name_region_exact
20250801,00000020,일곡38,일곡38,89,00003608,김대중컨벤션센터(마륵)역(북),29,29140,2914012000,광주광역시,서구,치평동,B,35.14406111,126.8409444,tago_route_specific_stop,not_provided_by_api,35.14406111,126.8409444,national_bus_stop_file,name_region_exact
20250801,00000020,일곡38,일곡38,94,00001071,운천초교,29,29140,2914012000,광주광역시,서구,치평동,B,35.15344722,126.8472778,tago_route_specific_stop,not_provided_by_api,35.15344722,126.8472778,national_bus_stop_file,name_region_exact
20250801,00000020,일곡38,일곡38,95,00000295,상무대우아파트,29,29140,2914012000,광주광역시,서구,치평동,B,35.15736667,126.8472556,tago_route_specific_stop,not_provided_by_api,35.15736667,126.8472556,national_bus_stop_file,name_region_exact
20250801,00000023,지원45,지원45,18,00000295,상무대우아파트,29,29140,2914012000,광주광역시,서구,치평동,B,35.15736667,126.8472556,tago_route_specific_stop,not_provided_by_api,35.15736667,126.8472556,national_bus_stop_file,name_region_exact
20250801,00000023,지원45,지원45,23,00000733,금호초교,29,29140,2914011800,광주광역시,서구,쌍촌동,B,35.143161,126.857511,tago_route_specific_stop,not_provided_by_api,35.143161,126.857511,national_bus_stop_file,name_region_exact
20250801,00000024,송암47,송암47,47,00001733,매월종합상가입구,29,29140,2914013200,광주광역시,서구,매월동,B,35.12001,126.860707,tago_route_specific_stop,not_provided_by_api,35.12001,126.860707,national_bus_stop_file,name_region_exact
20250801,00000024,송암47,송암47,75,00001757,풍암대주아파트,29,29140,2914012800,광주광역시,서구,풍암동,B,35.11933759,126.863356,tago_route_specific_stop,not_provided_by_api,35.11933759,126.863356,national_bus_stop_file,name_region_exact
20250801,00000024,송암47,송암47,97,00000800,솔뫼타운,29,29140,2914012100,광주광역시,서구,내방동,B,35.15757222,126.8715889,tago_route_specific_stop,not_provided_by_api,35.15757222,126.8715889,national_bus_stop_file,name_region_exact
20250801,00000025,운림50,운림50,22,00006664,종합건설본부,29,29140,2914011900,광주광역시,서구,화정동,B,35.145161,126.871939,tago_route_specific_stop,not_provided_by_api,35.145161,126.871939,national_bus_stop_file,name_region_exact
20250801,00000025,운림50,운림50,86,00001372,치평중,29,29140,2914011800,광주광역시,서구,쌍촌동,B,35.14458333,126.8605083,tago_route_specific_stop,not_provided_by_api,35.14458333,126.8605083,national_bus_stop_file,name_region_exact
20250801,00000027,지원52,지원52,37,00000046,월산행복주택아파트,29,29140,2914010400,광주광역시,서구,양동,B,35.15246111,126.9,tago_route_specific_stop,not_provided_by_api,35.15246111,126.9,national_bus_stop_file,name_region_exact
20250801,00000034,금남59,금남59,24,00000744,서광주한전,29,29140,2914010600,광주광역시,서구,농성동,B,35.150875,126.8928111,tago_route_specific_stop,not_provided_by_api,35.150875,126.8928111,national_bus_stop_file,name_region_exact
20250801,00000034,금남59,금남59,82,00000745,돌고개역(서),29,29140,2914010600,광주광역시,서구,농성동,B,35.15165278,126.89465,tago_route_specific_stop,not_provided_by_api,35.15165278,126.89465,national_bus_stop_file,name_region_exact
20250801,00000035,매월61(칠석),매월61(칠석),31,00006664,종합건설본부,29,29140,2914011900,광주광역시,서구,화정동,B,35.145161,126.871939,tago_route_specific_stop,not_provided_by_api,35.145161,126.871939,national_bus_stop_file,name_region_exact
20250801,00000035,매월61(칠석),매월61(칠석),37,00000744,서광주한전,29,29140,2914010600,광주광역시,서구,농성동,B,35.150875,126.8928111,tago_route_specific_stop,not_provided_by_api,35.150875,126.8928111,national_bus_stop_file,name_region_exact
20250801,00000035,매월61(칠석),매월61(칠석),65,00000745,돌고개역(서),29,29140,2914010600,광주광역시,서구,농성동,B,35.15165278,126.89465,tago_route_specific_stop,not_provided_by_api,35.15165278,126.89465,national_bus_stop_file,name_region_exact
20250801,00000035,매월61(칠석),매월61(칠석),73,00001372,치평중,29,29140,2914011800,광주광역시,서구,쌍촌동,B,35.14458333,126.8605083,tago_route_specific_stop,not_provided_by_api,35.14458333,126.8605083,national_bus_stop_file,name_region_exact
20250801,00000035,매월61(칠석),매월61(칠석),74,00000733,금호초교,29,29140,2914011800,광주광역시,서구,쌍촌동,B,35.143161,126.857511,tago_route_specific_stop,not_provided_by_api,35.143161,126.857511,national_bus_stop_file,name_region_exact
20250801,00000036,상무62(상무역행),상무62(상무역행),3,00000295,상무대우아파트,29,29140,2914012000,광주광역시,서구,치평동,B,35.15736667,126.8472556,tago_route_specific_stop,not_provided_by_api,35.15736667,126.8472556,national_bus_stop_file,name_region_exact
20250801,00000036,상무62(상무역행),상무62(상무역행),45,00004020,상무역(북),29,29140,2914012000,광주광역시,서구,치평동,B,35.14735856,126.8488017,tago_route_specific_stop,not_provided_by_api,35.14735856,126.8488017,national_bus_stop_file,name_region_exact
20250801,00000036,상무62(상무역행),상무62(상무역행),46,00000917,상무쌍용금호아파트,29,29140,2914012000,광주광역시,서구,치평동,B,35.15073611,126.8472694,tago_route_specific_stop,not_provided_by_api,35.15073611,126.8472694,national_bus_stop_file,name_region_exact
20250801,00000036,상무62(상무역행),상무62(상무역행),47,00001071,운천초교,29,29140,2914012000,광주광역시,서구,치평동,B,35.15344722,126.8472778,tago_route_specific_stop,not_provided_by_api,35.15344722,126.8472778,national_bus_stop_file,name_region_exact
20250801,00000037,상무63,상무63,8,00000295,상무대우아파트,29,29140,2914012000,광주광역시,서구,치평동,B,35.15736667,126.8472556,tago_route_specific_stop,not_provided_by_api,35.15736667,126.8472556,national_bus_stop_file,name_region_exact
20250801,00000038,상무64,상무64,8,00003608,김대중컨벤션센터(마륵)역(북),29,29140,2914012000,광주광역시,서구,치평동,B,35.14406111,126.8409444,tago_route_specific_stop,not_provided_by_api,35.14406111,126.8409444,national_bus_stop_file,name_region_exact
20250801,00000038,상무64,상무64,13,00001071,운천초교,29,29140,2914012000,광주광역시,서구,치평동,B,35.15344722,126.8472778,tago_route_specific_stop,not_provided_by_api,35.15344722,126.8472778,national_bus_stop_file,name_region_exact
20250801,00000038,상무64,상무64,14,00000295,상무대우아파트,29,29140,2914012000,광주광역시,서구,치평동,B,35.15736667,126.8472556,tago_route_specific_stop,not_provided_by_api,35.15736667,126.8472556,national_bus_stop_file,name_region_exact
20250801,00000038,상무64,상무64,19,00000800,솔뫼타운,29,29140,2914012100,광주광역시,서구,내방동,B,35.15757222,126.8715889,tago_route_specific_stop,not_provided_by_api,35.15757222,126.8715889,national_bus_stop_file,name_region_exact
20250801,00000043,송암72,송암72,6,00001757,풍암대주아파트,29,29140,2914012800,광주광역시,서구,풍암동,B,35.11933759,126.863356,tago_route_specific_stop,not_provided_by_api,35.11933759,126.863356,national_bus_stop_file,name_region_exact
20250801,00000043,송암72,송암72,20,00000800,솔뫼타운,29,29140,2914012100,광주광역시,서구,내방동,B,35.15757222,126.8715889,tago_route_specific_stop,not_provided_by_api,35.15757222,126.8715889,national_bus_stop_file,name_region_exact
20250801,00000043,송암72,송암72,25,00000744,서광주한전,29,29140,2914010600,광주광역시,서구,농성동,B,35.150875,126.8928111,tago_route_specific_stop,not_provided_by_api,35.150875,126.8928111,national_bus_stop_file,name_region_exact
20250801,00000043,송암72,송암72,98,00000745,돌고개역(서),29,29140,2914010600,광주광역시,서구,농성동,B,35.15165278,126.89465,tago_route_specific_stop,not_provided_by_api,35.15165278,126.89465,national_bus_stop_file,name_region_exact
20250801,00000043,송암72,송암72,100,00000717,농성SK뷰,29,29140,2914010600,광주광역시,서구,농성동,B,35.15368611,126.8866278,tago_route_specific_stop,not_provided_by_api,35.15368611,126.8866278,national_bus_stop_file,name_region_exact
20250801,00000043,송암72,송암72,110,00000733,금호초교,29,29140,2914011800,광주광역시,서구,쌍촌동,B,35.143161,126.857511,tago_route_specific_stop,not_provided_by_api,35.143161,126.857511,national_bus_stop_file,name_region_exact
20250801,00000043,송암72,송암72,118,00001733,매월종합상가입구,29,29140,2914013200,광주광역시,서구,매월동,B,35.12001,126.860707,tago_route_specific_stop,not_provided_by_api,35.12001,126.860707,national_bus_stop_file,name_region_exact
20250801,00000044,송암73,송암73,18,00004020,상무역(북),29,29140,2914012000,광주광역시,서구,치평동,B,35.14735856,126.8488017,tago_route_specific_stop,not_provided_by_api,35.14735856,126.8488017,national_bus_stop_file,name_region_exact
20250801,00000044,송암73,송암73,25,00006664,종합건설본부,29,29140,2914011900,광주광역시,서구,화정동,B,35.145161,126.871939,tago_route_specific_stop,not_provided_by_api,35.145161,126.871939,national_bus_stop_file,name_region_exact
20250801,00000044,송암73,송암73,47,00001757,풍암대주아파트,29,29140,2914012800,광주광역시,서구,풍암동,B,35.11933759,126.863356,tago_route_specific_stop,not_provided_by_api,35.11933759,126.863356,national_bus_stop_file,name_region_exact
20250801,00000044,송암73,송암73,48,00003196,풍암사거리(서),29,29140,2914013200,광주광역시,서구,매월동,B,35.12163056,126.8591194,tago_route_specific_stop,not_provided_by_api,35.12163056,126.8591194,national_bus_stop_file,name_region_exact
20250801,00000044,송암73,송암73,53,00000742,서광주역,29,29140,2914013200,광주광역시,서구,매월동,B,35.12587222,126.8469806,tago_route_specific_stop,not_provided_by_api,35.12587222,126.8469806,national_bus_stop_file,name_region_exact
20250801,00000044,송암73,송암73,54,00004055,동산교차로,29,29140,2914013200,광주광역시,서구,매월동,B,35.125301,126.850484,tago_route_specific_stop,not_provided_by_api,35.125301,126.850484,national_bus_stop_file,name_region_exact
20250801,00000044,송암73,송암73,55,00003762,동산교차로(북),29,29140,2914013200,광주광역시,서구,매월동,B,35.125836,126.851012,tago_route_specific_stop,not_provided_by_api,35.125836,126.851012,national_bus_stop_file,name_region_exact
20250801,00000044,송암73,송암73,60,00002751,동산교차로(남),29,29140,2914013200,광주광역시,서구,매월동,B,35.124331,126.852703,tago_route_specific_stop,not_provided_by_api,35.124331,126.852703,national_bus_stop_file,name_region_exact
20250801,00000044,송암73,송암73,61,00001733,매월종합상가입구,29,29140,2914013200,광주광역시,서구,매월동,B,35.12001,126.860707,tago_route_specific_stop,not_provided_by_api,35.12001,126.860707,national_bus_stop_file,name_region_exact
20250801,00000044,송암73,송암73,85,00001372,치평중,29,29140,2914011800,광주광역시,서구,쌍촌동,B,35.14458333,126.8605083,tago_route_specific_stop,not_provided_by_api,35.14458333,126.8605083,national_bus_stop_file,name_region_exact
20250801,00000048,진월77,진월77,19,00006664,종합건설본부,29,29140,2914011900,광주광역시,서구,화정동,B,35.145161,126.871939,tago_route_specific_stop,not_provided_by_api,35.145161,126.871939,national_bus_stop_file,name_region_exact
20250801,00000048,진월77,진월77,59,00001372,치평중,29,29140,2914011800,광주광역시,서구,쌍촌동,B,35.14458333,126.8605083,tago_route_specific_stop,not_provided_by_api,35.14458333,126.8605083,national_bus_stop_file,name_region_exact
20250801,00000048,진월77,진월77,60,00000733,금호초교,29,29140,2914011800,광주광역시,서구,쌍촌동,B,35.143161,126.857511,tago_route_specific_stop,not_provided_by_api,35.143161,126.857511,national_bus_stop_file,name_region_exact
20250801,00000055,용전84,용전84,37,00002993,발산교(북),29,29140,2914010400,광주광역시,서구,양동,B,35.15941,126.895079,tago_route_specific_stop,not_provided_by_api,35.15941,126.895079,national_bus_stop_file,name_region_exact
20250801,00000079,첨단192,첨단192,37,00004341,광림초교입구,29,29140,2914013300,광주광역시,서구,동천동,B,35.171471,126.871035,tago_route_specific_stop,not_provided_by_api,35.171471,126.871035,national_bus_stop_file,name_region_exact
20250801,00000083,대촌270,대촌270,74,00000733,금호초교,29,29140,2914011800,광주광역시,서구,쌍촌동,B,35.143161,126.857511,tago_route_specific_stop,not_provided_by_api,35.143161,126.857511,national_bus_stop_file,name_region_exact
20250801,00000086,518,518,71,00000917,상무쌍용금호아파트,29,29140,2914012000,광주광역시,서구,치평동,B,35.15073611,126.8472694,tago_route_specific_stop,not_provided_by_api,35.15073611,126.8472694,national_bus_stop_file,name_region_exact
20250801,00000086,518,518,72,00001071,운천초교,29,29140,2914012000,광주광역시,서구,치평동,B,35.15344722,126.8472778,tago_route_specific_stop,not_provided_by_api,35.15344722,126.8472778,national_bus_stop_file,name_region_exact
20250801,00000086,518,518,73,00000295,상무대우아파트,29,29140,2914012000,광주광역시,서구,치평동,B,35.15736667,126.8472556,tago_route_specific_stop,not_provided_by_api,35.15736667,126.8472556,national_bus_stop_file,name_region_exact
20250801,00000087,1187,1187,20,00000316,광주시립미술관하정웅미술관,29,29140,2914010600,광주광역시,서구,농성동,B,35.153625,126.8883056,tago_route_specific_stop,not_provided_by_api,35.153625,126.8883056,national_bus_stop_file,name_region_exact
20250801,00000087,1187,1187,81,00000717,농성SK뷰,29,29140,2914010600,광주광역시,서구,농성동,B,35.15368611,126.8866278,tago_route_specific_stop,not_provided_by_api,35.15368611,126.8866278,national_bus_stop_file,name_region_exact
20250801,00000088,금호36,금호36,29,00000745,돌고개역(서),29,29140,2914010600,광주광역시,서구,농성동,B,35.15165278,126.89465,tago_route_specific_stop,not_provided_by_api,35.15165278,126.89465,national_bus_stop_file,name_region_exact
20250801,00000088,금호36,금호36,31,00000717,농성SK뷰,29,29140,2914010600,광주광역시,서구,농성동,B,35.15368611,126.8866278,tago_route_specific_stop,not_provided_by_api,35.15368611,126.8866278,national_bus_stop_file,name_region_exact
20250801,00000088,금호36,금호36,43,00001372,치평중,29,29140,2914011800,광주광역시,서구,쌍촌동,B,35.14458333,126.8605083,tago_route_specific_stop,not_provided_by_api,35.14458333,126.8605083,national_bus_stop_file,name_region_exact
20250801,00000088,금호36,금호36,44,00000733,금호초교,29,29140,2914011800,광주광역시,서구,쌍촌동,B,35.143161,126.857511,tago_route_specific_stop,not_provided_by_api,35.143161,126.857511,national_bus_stop_file,name_region_exact
20250801,00000088,금호36,금호36,52,00000742,서광주역,29,29140,2914013200,광주광역시,서구,매월동,B,35.12587222,126.8469806,tago_route_specific_stop,not_provided_by_api,35.12587222,126.8469806,national_bus_stop_file,name_region_exact
20250801,00000088,금호36,금호36,53,00000742,서광주역,29,29140,2914013200,광주광역시,서구,매월동,B,35.12587222,126.8469806,tago_route_specific_stop,not_provided_by_api,35.12587222,126.8469806,national_bus_stop_file,name_region_exact
20250801,00000088,금호36,금호36,54,00004055,동산교차로,29,29140,2914013200,광주광역시,서구,매월동,B,35.125301,126.850484,tago_route_specific_stop,not_provided_by_api,35.125301,126.850484,national_bus_stop_file,name_region_exact
20250801,00000088,금호36,금호36,55,00003762,동산교차로(북),29,29140,2914013200,광주광역시,서구,매월동,B,35.125836,126.851012,tago_route_specific_stop,not_provided_by_api,35.125836,126.851012,national_bus_stop_file,name_region_exact
20250801,00000088,금호36,금호36,69,00000800,솔뫼타운,29,29140,2914012100,광주광역시,서구,내방동,B,35.15757222,126.8715889,tago_route_specific_stop,not_provided_by_api,35.15757222,126.8715889,national_bus_stop_file,name_region_exact
20250801,00000088,금호36,금호36,76,00000744,서광주한전,29,29140,2914010600,광주광역시,서구,농성동,B,35.150875,126.8928111,tago_route_specific_stop,not_provided_by_api,35.150875,126.8928111,national_bus_stop_file,name_region_exact
20250801,00000090,문흥39,문흥39,24,00000745,돌고개역(서),29,29140,2914010600,광주광역시,서구,농성동,B,35.15165278,126.89465,tago_route_specific_stop,not_provided_by_api,35.15165278,126.89465,national_bus_stop_file,name_region_exact
20250801,00000090,문흥39,문흥39,26,00000717,농성SK뷰,29,29140,2914010600,광주광역시,서구,농성동,B,35.15368611,126.8866278,tago_route_specific_stop,not_provided_by_api,35.15368611,126.8866278,national_bus_stop_file,name_region_exact
20250801,00000090,문흥39,문흥39,89,00000744,서광주한전,29,29140,2914010600,광주광역시,서구,농성동,B,35.150875,126.8928111,tago_route_specific_stop,not_provided_by_api,35.150875,126.8928111,national_bus_stop_file,name_region_exact
20250801,00000091,송암74,송암74,23,00000744,서광주한전,29,29140,2914010600,광주광역시,서구,농성동,B,35.150875,126.8928111,tago_route_specific_stop,not_provided_by_api,35.150875,126.8928111,national_bus_stop_file,name_region_exact
20250801,00000091,송암74,송암74,79,00000745,돌고개역(서),29,29140,2914010600,광주광역시,서구,농성동,B,35.15165278,126.89465,tago_route_specific_stop,not_provided_by_api,35.15165278,126.89465,national_bus_stop_file,name_region_exact
20250801,00000091,송암74,송암74,97,00001757,풍암대주아파트,29,29140,2914012800,광주광역시,서구,풍암동,B,35.11933759,126.863356,tago_route_specific_stop,not_provided_by_api,35.11933759,126.863356,national_bus_stop_file,name_region_exact
20250801,00000091,송암74,송암74,98,00001733,매월종합상가입구,29,29140,2914013200,광주광역시,서구,매월동,B,35.12001,126.860707,tago_route_specific_stop,not_provided_by_api,35.12001,126.860707,national_bus_stop_file,name_region_exact
20250801,00000095,금호46,금호46,41,00000733,금호초교,29,29140,2914011800,광주광역시,서구,쌍촌동,B,35.143161,126.857511,tago_route_specific_stop,not_provided_by_api,35.143161,126.857511,national_bus_stop_file,name_region_exact
20250801,00000095,금호46,금호46,49,00000742,서광주역,29,29140,2914013200,광주광역시,서구,매월동,B,35.12587222,126.8469806,tago_route_specific_stop,not_provided_by_api,35.12587222,126.8469806,national_bus_stop_file,name_region_exact
20250801,00000095,금호46,금호46,50,00004055,동산교차로,29,29140,2914013200,광주광역시,서구,매월동,B,35.125301,126.850484,tago_route_specific_stop,not_provided_by_api,35.125301,126.850484,national_bus_stop_file,name_region_exact
20250801,00000095,금호46,금호46,51,00003762,동산교차로(북),29,29140,2914013200,광주광역시,서구,매월동,B,35.125836,126.851012,tago_route_specific_stop,not_provided_by_api,35.125836,126.851012,national_bus_stop_file,name_region_exact
20250801,00000100,진월75,진월75,68,00004055,동산교차로,29,29140,2914013200,광주광역시,서구,매월동,B,35.125301,126.850484,tago_route_specific_stop,not_provided_by_api,35.125301,126.850484,national_bus_stop_file,name_region_exact
20250801,00000100,진월75,진월75,69,00003762,동산교차로(북),29,29140,2914013200,광주광역시,서구,매월동,B,35.125836,126.851012,tago_route_specific_stop,not_provided_by_api,35.125836,126.851012,national_bus_stop_file,name_region_exact
20250801,00000102,수완12,수완12,29,00000865,신세계백화점(북),29,29140,2914010600,광주광역시,서구,농성동,B,35.15960833,126.8833083,tago_route_specific_stop,not_provided_by_api,35.15960833,126.8833083,national_bus_stop_file,name_region_exact
20250801,00000109,좌석02,좌석02,64,00003608,김대중컨벤션센터(마륵)역(북),29,29140,2914012000,광주광역시,서구,치평동,B,35.14406111,126.8409444,tago_route_specific_stop,not_provided_by_api,35.14406111,126.8409444,national_bus_stop_file,name_region_exact
20250801,00000111,송암68,송암68,25,00000745,돌고개역(서),29,29140,2914010600,광주광역시,서구,농성동,B,35.15165278,126.89465,tago_route_specific_stop,not_provided_by_api,35.15165278,126.89465,national_bus_stop_file,name_region_exact
20250801,00000111,송암68,송암68,27,00000717,농성SK뷰,29,29140,2914010600,광주광역시,서구,농성동,B,35.15368611,126.8866278,tago_route_specific_stop,not_provided_by_api,35.15368611,126.8866278,national_bus_stop_file,name_region_exact
20250801,00000111,송암68,송암68,68,00000744,서광주한전,29,29140,2914010600,광주광역시,서구,농성동,B,35.150875,126.8928111,tago_route_specific_stop,not_provided_by_api,35.150875,126.8928111,national_bus_stop_file,name_region_exact
20250801,00000112,순환01(운천저수지),순환01(운천저수지),3,00003608,김대중컨벤션센터(마륵)역(북),29,29140,2914012000,광주광역시,서구,치평동,B,35.14406111,126.8409444,tago_route_specific_stop,not_provided_by_api,35.14406111,126.8409444,national_bus_stop_file,name_region_exact
20250801,00000112,순환01(운천저수지),순환01(운천저수지),11,00000733,금호초교,29,29140,2914011800,광주광역시,서구,쌍촌동,B,35.143161,126.857511,tago_route_specific_stop,not_provided_by_api,35.143161,126.857511,national_bus_stop_file,name_region_exact
20250801,00000115,선운14,선운14,21,00000800,솔뫼타운,29,29140,2914012100,광주광역시,서구,내방동,B,35.15757222,126.8715889,tago_route_specific_stop,not_provided_by_api,35.15757222,126.8715889,national_bus_stop_file,name_region_exact
20250801,00000116,첨단22,첨단22,41,00000742,서광주역,29,29140,2914013200,광주광역시,서구,매월동,B,35.12587222,126.8469806,tago_route_specific_stop,not_provided_by_api,35.12587222,126.8469806,national_bus_stop_file,name_region_exact
20250801,00000116,첨단22,첨단22,42,00004055,동산교차로,29,29140,2914013200,광주광역시,서구,매월동,B,35.125301,126.850484,tago_route_specific_stop,not_provided_by_api,35.125301,126.850484,national_bus_stop_file,name_region_exact
20250801,00000116,첨단22,첨단22,43,00003762,동산교차로(북),29,29140,2914013200,광주광역시,서구,매월동,B,35.125836,126.851012,tago_route_specific_stop,not_provided_by_api,35.125836,126.851012,national_bus_stop_file,name_region_exact
20250801,00000120,양산60,양산60,26,00004341,광림초교입구,29,29140,2914013300,광주광역시,서구,동천동,B,35.171471,126.871035,tago_route_specific_stop,not_provided_by_api,35.171471,126.871035,national_bus_stop_file,name_region_exact
20250801,00000127,상무62,상무62,2,00003422,상무한국아파트,29,29140,2914012000,광주광역시,서구,치평동,B,35.15517778,126.8465528,tago_route_specific_stop,not_provided_by_api,35.15517778,126.8465528,national_bus_stop_file,name_region_exact
20250801,00000201,마을760,마을760,15,00004151,광주학생문화회관,29,29140,2914011800,광주광역시,서구,쌍촌동,B,35.1553116,126.8590775,tago_route_specific_stop,not_provided_by_api,35.1553116,126.8590775,national_bus_stop_file,name_region_exact
20250801,00000201,마을760,마을760,18,00004147,금호베어스타운,29,29140,2914011800,광주광역시,서구,쌍촌동,B,35.144783,126.857,tago_route_specific_stop,not_provided_by_api,35.144783,126.857,national_bus_stop_file,name_region_exact
20250801,00000201,마을760,마을760,19,00000733,금호초교,29,29140,2914011800,광주광역시,서구,쌍촌동,B,35.143161,126.857511,tago_route_specific_stop,not_provided_by_api,35.143161,126.857511,national_bus_stop_file,name_region_exact
20250801,00000201,마을760,마을760,21,00004152,금호호반아파트1차,29,29140,2914013000,광주광역시,서구,금호동,B,35.13795009,126.8587494,tago_route_specific_stop,not_provided_by_api,35.13795009,126.8587494,national_bus_stop_file,name_region_exact
20250801,00000201,마을760,마을760,30,00004133,풍암고정문,29,29140,2914012800,광주광역시,서구,풍암동,B,35.122027,126.866965,tago_route_specific_stop,not_provided_by_api,35.122027,126.866965,national_bus_stop_file,name_region_exact
20250801,00000201,마을760,마을760,31,00004134,풍암동부아파트,29,29140,2914012800,광주광역시,서구,풍암동,B,35.120657,126.867316,tago_route_specific_stop,not_provided_by_api,35.120657,126.867316,national_bus_stop_file,name_region_exact
20250801,00000201,마을760,마을760,33,00001757,풍암대주아파트,29,29140,2914012800,광주광역시,서구,풍암동,B,35.11933759,126.863356,tago_route_specific_stop,not_provided_by_api,35.11933759,126.863356,national_bus_stop_file,name_region_exact
20250801,00000201,마을760,마을760,48,00004143,상무고,29,29140,2914011800,광주광역시,서구,쌍촌동,B,35.1552086,126.8593292,tago_route_specific_stop,not_provided_by_api,35.1552086,126.8593292,national_bus_stop_file,name_region_exact
20250801,00000201,마을760,마을760,58,00002993,발산교(북),29,29140,2914010400,광주광역시,서구,양동,B,35.15941,126.895079,tago_route_specific_stop,not_provided_by_api,35.15941,126.895079,national_bus_stop_file,name_region_exact
