opr_ymd,stop_id,stop_name,sttn_ars_no,city_code,sgg_cd,emd_cd,ctpv_nm,sgg_nm,emd_nm,latitude,longitude,source,coordinate_status,match_type,region_code_used
20250801,00000011,5.18기념문화센터,~,29,29140,2914011800,,,,,,tago_bus_stop,not_provided_by_api,unmatched,24
20250801,00000012,5.18기념문화센터,~,29,29140,2914011800,,,,,,tago_bus_stop,not_provided_by_api,unmatched,24
20250801,00000020,건강협회,~,29,29140,2914010600,,,,,,tago_bus_stop,not_provided_by_api,unmatched,24
20250801,00000021,건강협회,~,29,29140,2914010600,,,,,,tago_bus_stop,not_provided_by_api,unmatched,24
20250801,00000029,계수,~,29,29140,2914011600,,,,,,tago_bus_stop,not_provided_by_api,unmatched,24
20250801,00000030,계수,~,29,29140,2914011800,,,,,,tago_bus_stop,not_provided_by_api,unmatched,24
20250801,00000052,광주광역시교육청(광덕고),~,29,29140,2914011900,,,,,,tago_bus_stop,not_provided_by_api,unmatched,24
20250801,00000053,광주광역시교육청(광덕고),~,29,29140,2914011900,,,,,,tago_bus_stop,not_provided_by_api,unmatched,24
20250801,00000054,염주맨션,~,29,29140,2914011900,,,,,,tago_bus_stop,not_provided_by_api,unmatched,24
20250801,00000057,광명하이츠후문,~,29,29140,2914012100,,,,,,tago_bus_stop,not_provided_by_api,unmatched,24
20250801,00000058,광명하이츠후문,~,29,29140,2914011800,,,,,,tago_bus_stop,not_provided_by_api,unmatched,24
20250801,00000067,광신대교,~,29,29140,2914013300,,,,,,tago_bus_stop,not_provided_by_api,unmatched,24
20250801,00000102,마재호반아파트,~,29,29140,2914013000,,,,,,tago_bus_stop,not_provided_by_api,unmatched,24
20250801,00000103,마재호반아파트,~,29,29140,2914013000,,,,,,tago_bus_stop,not_provided_by_api,unmatched,24
20250801,00000107,광천초교,~,29,29140,2914010600,,,,,,tago_bus_stop,not_provided_by_api,unmatched,24
20250801,00000108,광천초교,~,29,29140,2914010600,,,,,,tago_bus_stop,not_provided_by_api,unmatched,24
20250801,00000109,광주종합버스터미널,~,29,29140,2914011500,,,,,,tago_bus_stop,not_provided_by_api,unmatched,24
20250801,00000110,광주종합버스터미널,~,29,29140,2914011500,,,,,,tago_bus_stop,not_provided_by_api,unmatched,24
20250801,00000113,광천치안센터,~,29,29140,2914011500,,,,,,tago_bus_stop,not_provided_by_api,unmatched,24
20250801,00000114,광천치안센터,~,29,29140,2914011500,,,,,,tago_bus_stop,not_provided_by_api,unmatched,24
20250801,00000125,상무지구입구,~,29,29140,2914012000,,,,,,tago_bus_stop,not_provided_by_api,unmatched,24
20250801,00000142,그린파크,~,29,29140,2914010400,,,,,,tago_bus_stop,not_provided_by_api,unmatched,24
20250801,00000146,버들주공1단지,~,29,29140,2914011600,,,,,,tago_bus_stop,not_provided_by_api,unmatched,24
20250801,00000147,버들주공1단지,~,29,29140,2914011600,,,,,,tago_bus_stop,not_provided_by_api,unmatched,24
20250801,00000160,풍암금호아파트,~,29,29140,2914012800,,,,,,tago_bus_stop,not_provided_by_api,unmatched,24
20250801,00000161,풍암금호아파트,~,29,29140,2914012800,,,,,,tago_bus_stop,not_provided_by_api,unmatched,24
20250801,00000163,금호시영아파트,~,29,29140,2914013000,,,,,,tago_bus_stop,not_provided_by_api,unmatched,24
20250801,00000164,상무금호아파트,~,29,29140,2914012000,,,,,,tago_bus_stop,not_provided_by_api,unmatched,24
20250801,00000165,상무금호아파트,~,29,29140,2914012000,,,,,,tago_bus_stop,not_provided_by_api,unmatched,24
20250801,00000179,기아자동차,~,29,29140,2914012100,,,,,,tago_bus_stop,not_provided_by_api,unmatched,24
20250801,00000180,기아자동차,~,29,29140,2914012100,,,,,,tago_bus_stop,not_provided_by_api,unmatched,24
20250801,00000182,기아차정문,~,29,29140,2914012100,,,,,,tago_bus_stop,not_provided_by_api,unmatched,24
20250801,00000183,기아차정문,~,29,29140,2914012100,,,,,,tago_bus_stop,not_provided_by_api,unmatched,24
20250801,00000184,기아차중문,~,29,29140,2914012100,,,,,,tago_bus_stop,not_provided_by_api,unmatched,24
20250801,00000188,5.18자유공원,~,29,29140,2914012000,,,,,,tago_bus_stop,not_provided_by_api,unmatched,24
20250801,00000189,5.18자유공원,~,29,29140,2914012000,,,,,,tago_bus_stop,not_provided_by_api,unmatched,24
20250801,00000242,그린파크,~,29,29140,2914010400,,,,,,tago_bus_stop,not_provided_by_api,unmatched,24
20250801,00000243,농성1동행정복지센터,~,29,29140,2914010600,,,,,,tago_bus_stop,not_provided_by_api,unmatched,24
20250801,00000244,농성파출소,~,29,29140,2914010600,,,,,,tago_bus_stop,not_provided_by_api,unmatched,24
20250801,00000245,농성파출소,~,29,29140,2914010600,,,,,,tago_bus_stop,not_provided_by_api,unmatched,24
20250801,00000250,한국농어촌공사,~,29,29140,2914011800,,,,,,tago_bus_stop,not_provided_by_api,unmatched,24
20250801,00000303,마재대주아파트,~,29,29140,2914013000,,,,,,tago_bus_stop,not_provided_by_api,unmatched,24
20250801,00000304,풍암모아아파트,~,29,29140,2914012800,,,,,,tago_bus_stop,not_provided_by_api,unmatched,24
20250801,00000309,마재대주아파트,~,29,29140,2914013000,,,,,,tago_bus_stop,not_provided_by_api,unmatched,24
20250801,00000344,돌고개역(동),~,29,29140,2914010600,,,,,,tago_bus_stop,not_provided_by_api,unmatched,24
20250801,00000375,동천우미린아파트,~,29,29140,2914013300,,,,,,tago_bus_stop,not_provided_by_api,unmatched,24
20250801,00000425,럭키아파트,~,29,29140,2914011900,,,,,,tago_bus_stop,not_provided_by_api,unmatched,24
20250801,00000426,럭키아파트,~,29,29140,2914011900,,,,,,tago_bus_stop,not_provided_by_api,unmatched,24
20250801,00000440,김대중컨벤션센터(마륵)역,~,29,29140,2914013100,,,,,,tago_bus_stop,not_provided_by_api,unmatched,24
20250801,00000450,화정무등파크,~,29,29140,2914011900,,,,,,tago_bus_stop,not_provided_by_api,unmatched,24
20250801,00000485,모아제일아파트,~,29,29140,2914011800,,,,,,tago_bus_stop,not_provided_by_api,unmatched,24
20250801,00000494,모아제일아파트,~,29,29140,2914011800,,,,,,tago_bus_stop,not_provided_by_api,unmatched,24
20250801,00000495,버들마을,~,29,29140,2914011800,,,,,,tago_bus_stop,not_provided_by_api,unmatched,24
20250801,00000496,상무호반3차,~,29,29140,2914011800,,,,,,tago_bus_stop,not_provided_by_api,unmatched,24
20250801,00000516,화정무등파크,~,29,29140,2914011900,,,,,,tago_bus_stop,not_provided_by_api,unmatched,24
20250801,00000571,광주학생독립운동기념관,~,29,29140,2914011800,,,,,,tago_bus_stop,not_provided_by_api,unmatched,24
20250801,00000573,유덕초교,~,29,29140,2914011600,,,,,,tago_bus_stop,not_provided_by_api,unmatched,24
20250801,00000574,버들마을,~,29,29140,2914011600,,,,,,tago_bus_stop,not_provided_by_api,unmatched,24
20250801,00000634,마재부영아파트,~,29,29140,2914013000,,,,,,tago_bus_stop,not_provided_by_api,unmatched,24
20250801,00000635,마재부영아파트,~,29,29140,2914013000,,,,,,tago_bus_stop,not_provided_by_api,unmatched,24
20250801,00000687,전남고입구,~,29,29140,2914012000,,,,,,tago_bus_stop,not_provided_by_api,unmatched,24
20250801,00000699,삼우아파트,~,29,29140,2914012100,,,,,,tago_bus_stop,not_provided_by_api,unmatched,24
20250801,00000700,삼우아파트,~,29,29140,2914012100,,,,,,tago_bus_stop,not_provided_by_api,unmatched,24
20250801,00000715,상공회의소,~,29,29140,2914010600,,,,,,tago_bus_stop,not_provided_by_api,unmatched,24
20250801,00000716,상공회의소,~,29,29140,2914010600,,,,,,tago_bus_stop,not_provided_by_api,unmatched,24
20250801,00000719,상무지구입구,~,29,29140,2914012000,,,,,,tago_bus_stop,not_provided_by_api,unmatched,24
20250801,00000720,상무1동행정복지센터,~,29,29140,2914012100,,,,,,tago_bus_stop,not_provided_by_api,unmatched,24
20250801,00000721,상무1동행정복지센터,~,29,29140,2914011800,,,,,,tago_bus_stop,not_provided_by_api,unmatched,24
20250801,00000722,상무지구,~,29,29140,2914012000,,,,,,tago_bus_stop,not_provided_by_api,unmatched,24
20250801,00000725,상무병원,~,29,29140,2914012000,,,,,,tago_bus_stop,not_provided_by_api,unmatched,24
20250801,00000726,상무병원,~,29,29140,2914012000,,,,,,tago_bus_stop,not_provided_by_api,unmatched,24
20250801,00000729,상무역,~,29,29140,2914013100,,,,,,tago_bus_stop,not_provided_by_api,unmatched,24
20250801,00000730,상무역,~,29,29140,2914013100,,,,,,tago_bus_stop,not_provided_by_api,unmatched,24
20250801,00000731,상무중,~,29,29140,2914011800,,,,,,tago_bus_stop,not_provided_by_api,unmatched,24
20250801,00000732,상무중,~,29,29140,2914011800,,,,,,tago_bus_stop,not_provided_by_api,unmatched,24
20250801,00000736,풍암한신아파트,~,29,29140,2914012800,,,,,,tago_bus_stop,not_provided_by_api,unmatched,24
20250801,00000737,풍암한신아파트,~,29,29140,2914012800,,,,,,tago_bus_stop,not_provided_by_api,unmatched,24
20250801,00000740,서광주우체국,~,29,29140,2914011900,,,,,,tago_bus_stop,not_provided_by_api,unmatched,24
20250801,00000741,서광주우체국,~,29,29140,2914011900,,,,,,tago_bus_stop,not_provided_by_api,unmatched,24
20250801,00000746,서구문화센터,~,29,29140,2914013000,,,,,,tago_bus_stop,not_provided_by_api,unmatched,24
20250801,00000747,금호도개공아파트,~,29,29140,2914013000,,,,,,tago_bus_stop,not_provided_by_api,unmatched,24
20250801,00000748,서구문화센터,~,29,29140,2914013000,,,,,,tago_bus_stop,not_provided_by_api,unmatched,24
20250801,00000749,금호도개공아파트,~,29,29140,2914013000,,,,,,tago_bus_stop,not_provided_by_api,unmatched,24
20250801,00000750,서구청,~,29,29140,2914010600,,,,,,tago_bus_stop,not_provided_by_api,unmatched,24
20250801,00000751,서구청,~,29,29140,2914010600,,,,,,tago_bus_stop,not_provided_by_api,unmatched,24
20250801,00000763,서광주전화국,~,29,29140,2914010600,,,,,,tago_bus_stop,not_provided_by_api,unmatched,24
20250801,00000764,서광주전화국,~,29,29140,2914010600,,,,,,tago_bus_stop,not_provided_by_api,unmatched,24
20250801,00000768,서석고,~,29,29140,2914011900,,,,,,tago_bus_stop,not_provided_by_api,unmatched,24
20250801,00000769,서석고,~,29,29140,2914011900,,,,,,tago_bus_stop,not_provided_by_api,unmatched,24
20250801,00000771,서창농협,~,29,29140,2914013000,,,,,,tago_bus_stop,not_provided_by_api,unmatched,24
20250801,00000772,서창농협,~,29,29140,2914013000,,,,,,tago_bus_stop,not_provided_by_api,unmatched,24
20250801,00000775,서창입구,~,29,29140,2914012900,,,,,,tago_bus_stop,not_provided_by_api,unmatched,24
20250801,00000776,서창입구,~,29,29140,2914012900,,,,,,tago_bus_stop,not_provided_by_api,unmatched,24
20250801,00000806,광천E편한세상,~,29,29140,2914012100,,,,,,tago_bus_stop,not_provided_by_api,unmatched,24
20250801,00000807,광천E편한세상,~,29,29140,2914012100,,,,,,tago_bus_stop,not_provided_by_api,unmatched,24
20250801,00000840,상무시민공원,~,29,29140,2914012000,,,,,,tago_bus_stop,not_provided_by_api,unmatched,24
20250801,00000841,상무시민공원,~,29,29140,2914012000,,,,,,tago_bus_stop,not_provided_by_api,unmatched,24
20250801,00000845,금호시영아파트,~,29,29140,2914013000,,,,,,tago_bus_stop,not_provided_by_api,unmatched,24
20250801,00000850,시청,~,29,29140,2914012000,,,,,,tago_bus_stop,not_provided_by_api,unmatched,24
20250801,00000852,시청,~,29,29140,2914012000,,,,,,tago_bus_stop,not_provided_by_api,unmatched,24
20250801,00000864,신세계백화점,~,29,29140,2914010600,,,,,,tago_bus_stop,not_provided_by_api,unmatched,24
20250801,00000866,신세계백화점,~,29,29140,2914011900,,,,,,tago_bus_stop,not_provided_by_api,unmatched,24
20250801,00000879,신암마을,~,29,29140,2914012800,,,,,,tago_bus_stop,not_provided_by_api,unmatched,24
20250801,00000880,신암마을,~,29,29140,2914012800,,,,,,tago_bus_stop,not_provided_by_api,unmatched,24
20250801,00000905,가톨릭대평생교육원,~,29,29140,2914011800,,,,,,tago_bus_stop,not_provided_by_api,unmatched,24
20250801,00000906,가톨릭대평생교육원,~,29,29140,2914011800,,,,,,tago_bus_stop,not_provided_by_api,unmatched,24
20250801,00000920,쌍촌역,~,29,29140,2914011800,,,,,,tago_bus_stop,not_provided_by_api,unmatched,24
20250801,00000922,쌍촌역,~,29,29140,2914011800,,,,,,tago_bus_stop,not_provided_by_api,unmatched,24
20250801,00000928,기아차중문,~,29,29140,2914012100,,,,,,tago_bus_stop,not_provided_by_api,unmatched,24
20250801,00000934,양동시장역(남),~,29,29140,2914010400,,,,,,tago_bus_stop,not_provided_by_api,unmatched,24
20250801,00000935,양동시장역(북),~,29,29140,2914010400,,,,,,tago_bus_stop,not_provided_by_api,unmatched,24
20250801,00000936,양동시장역(북),~,29,29140,2914010400,,,,,,tago_bus_stop,not_provided_by_api,unmatched,24
20250801,00000937,양동시장역(남),~,29,29140,2914010400,,,,,,tago_bus_stop,not_provided_by_api,unmatched,24
20250801,00000947,일가정양립지원본부,~,29,29140,2914012000,,,,,,tago_bus_stop,not_provided_by_api,unmatched,24
20250801,00000948,일가정양립지원본부,~,29,29140,2914012000,,,,,,tago_bus_stop,not_provided_by_api,unmatched,24
20250801,00000965,염주맨션,~,29,29140,2914011900,,,,,,tago_bus_stop,not_provided_by_api,unmatched,24
20250801,00000966,염주사거리(동),~,29,29140,2914011900,,,,,,tago_bus_stop,not_provided_by_api,unmatched,24
20250801,00000967,염주사거리(동),~,29,29140,2914011900,,,,,,tago_bus_stop,not_provided_by_api,unmatched,24
20250801,00000968,염주사거리(서),~,29,29140,2914011900,,,,,,tago_bus_stop,not_provided_by_api,unmatched,24
20250801,00000969,염주초교,~,29,29140,2914011900,,,,,,tago_bus_stop,not_provided_by_api,unmatched,24
20250801,00000970,염주초교,~,29,29140,2914011900,,,,,,tago_bus_stop,not_provided_by_api,unmatched,24
20250801,00001016,풍암우미아파트,~,29,29140,2914012800,,,,,,tago_bus_stop,not_provided_by_api,unmatched,24
20250801,00001024,풍암우미아파트,~,29,29140,2914012800,,,,,,tago_bus_stop,not_provided_by_api,unmatched,24
20250801,00001035,우진아파트,~,29,29140,2914010400,,,,,,tago_bus_stop,not_provided_by_api,unmatched,24
20250801,00001036,우진아파트,~,29,29140,2914010400,,,,,,tago_bus_stop,not_provided_by_api,unmatched,24
20250801,00001065,운천역,~,29,29140,2914011800,,,,,,tago_bus_stop,not_provided_by_api,unmatched,24
20250801,00001067,운천역,~,29,29140,2914011800,,,,,,tago_bus_stop,not_provided_by_api,unmatched,24
20250801,00001068,운천저수지,~,29,29140,2914011800,,,,,,tago_bus_stop,not_provided_by_api,unmatched,24
20250801,00001069,운천저수지,~,29,29140,2914011800,,,,,,tago_bus_stop,not_provided_by_api,unmatched,24
20250801,00001073,원광대한방병원,~,29,29140,2914012800,,,,,,tago_bus_stop,not_provided_by_api,unmatched,24
20250801,00001075,원광대한방병원,~,29,29140,2914012800,,,,,,tago_bus_stop,not_provided_by_api,unmatched,24
20250801,00001094,월드컵경기장,~,29,29140,2914012800,,,,,,tago_bus_stop,not_provided_by_api,unmatched,24
20250801,00001095,월드컵경기장,~,29,29140,2914012800,,,,,,tago_bus_stop,not_provided_by_api,unmatched,24
20250801,00001114,월암,~,29,29140,2914013100,,,,,,tago_bus_stop,not_provided_by_api,unmatched,24
20250801,00001121,유덕초교,~,29,29140,2914011800,,,,,,tago_bus_stop,not_provided_by_api,unmatched,24
20250801,00001126,극락초교,~,29,29140,2914011600,,,,,,tago_bus_stop,not_provided_by_api,unmatched,24
20250801,00001127,극락초교,~,29,29140,2914011600,,,,,,tago_bus_stop,not_provided_by_api,unmatched,24
20250801,00001181,잿등,~,29,29140,2914012100,,,,,,tago_bus_stop,not_provided_by_api,unmatched,24
20250801,00001182,잿등,~,29,29140,2914011900,,,,,,tago_bus_stop,not_provided_by_api,unmatched,24
20250801,00001238,마재종원아파트,~,29,29140,2914013000,,,,,,tago_bus_stop,not_provided_by_api,unmatched,24
20250801,00001239,마재종원아파트,~,29,29140,2914013000,,,,,,tago_bus_stop,not_provided_by_api,unmatched,24
20250801,00001241,전남고입구,~,29,29140,2914013100,,,,,,tago_bus_stop,not_provided_by_api,unmatched,24
20250801,00001242,염주체육관,~,29,29140,2914011900,,,,,,tago_bus_stop,not_provided_by_api,unmatched,24
20250801,00001243,염주체육관,~,29,29140,2914011900,,,,,,tago_bus_stop,not_provided_by_api,unmatched,24
20250801,00001264,주월초교,~,29,29140,2914011900,,,,,,tago_bus_stop,not_provided_by_api,unmatched,24
20250801,00001265,주월초교,~,29,29140,2914011900,,,,,,tago_bus_stop,not_provided_by_api,unmatched,24
20250801,00001266,금호모아아파트,~,29,29140,2914013000,,,,,,tago_bus_stop,not_provided_by_api,unmatched,24
20250801,00001267,금호모아아파트,~,29,29140,2914013000,,,,,,tago_bus_stop,not_provided_by_api,unmatched,24
20250801,00001272,동천마을3단지,~,29,29140,2914013300,,,,,,tago_bus_stop,not_provided_by_api,unmatched,24
20250801,00001293,쌍촌시영아파트,~,29,29140,2914011800,,,,,,tago_bus_stop,not_provided_by_api,unmatched,24
20250801,00001294,풍암모아아파트,~,29,29140,2914012800,,,,,,tago_bus_stop,not_provided_by_api,unmatched,24
20250801,00001295,쌍촌시영아파트,~,29,29140,2914011800,,,,,,tago_bus_stop,not_provided_by_api,unmatched,24
20250801,00001301,농성1동행정복지센터,~,29,29140,2914010600,,,,,,tago_bus_stop,not_provided_by_api,unmatched,24
20250801,00001302,상무중흥아파트,~,29,29140,2914012000,,,,,,tago_bus_stop,not_provided_by_api,unmatched,24
20250801,00001303,상무중흥아파트,~,29,29140,2914012000,,,,,,tago_bus_stop,not_provided_by_api,unmatched,24
20250801,00001322,진성아파트,~,29,29140,2914012100,,,,,,tago_bus_stop,not_provided_by_api,unmatched,24
20250801,00001323,진성아파트,~,29,29140,2914012100,,,,,,tago_bus_stop,not_provided_by_api,unmatched,24
20250801,00001373,칠성마을,~,29,29140,2914011800,,,,,,tago_bus_stop,not_provided_by_api,unmatched,24
20250801,00001374,광천동,~,29,29140,2914011800,,,,,,tago_bus_stop,not_provided_by_api,unmatched,24
20250801,00001375,광천동,~,29,29140,2914011800,,,,,,tago_bus_stop,not_provided_by_api,unmatched,24
20250801,00001376,칠성마을,~,29,29140,2914011800,,,,,,tago_bus_stop,not_provided_by_api,unmatched,24
20250801,00001413,마재우체국,~,29,29140,2914012800,,,,,,tago_bus_stop,not_provided_by_api,unmatched,24
20250801,00001414,마재우체국,~,29,29140,2914012800,,,,,,tago_bus_stop,not_provided_by_api,unmatched,24
20250801,00001416,풍암저수지,~,29,29140,2914012800,,,,,,tago_bus_stop,not_provided_by_api,unmatched,24
20250801,00001417,풍암저수지,~,29,29140,2914012800,,,,,,tago_bus_stop,not_provided_by_api,unmatched,24
20250801,00001438,한국병원,~,29,29140,2914011800,,,,,,tago_bus_stop,not_provided_by_api,unmatched,24
20250801,00001439,한국병원,~,29,29140,2914011800,,,,,,tago_bus_stop,not_provided_by_api,unmatched,24
20250801,00001442,금호한국아파트,~,29,29140,2914013000,,,,,,tago_bus_stop,not_provided_by_api,unmatched,24
20250801,00001443,금호한국아파트,~,29,29140,2914013000,,,,,,tago_bus_stop,not_provided_by_api,unmatched,24
20250801,00001444,풍암한국아파트,~,29,29140,2914012800,,,,,,tago_bus_stop,not_provided_by_api,unmatched,24
20250801,00001447,풍암한국아파트,~,29,29140,2914012800,,,,,,tago_bus_stop,not_provided_by_api,unmatched,24
20250801,00001449,계수초교,~,29,29140,2914012000,,,,,,tago_bus_stop,not_provided_by_api,unmatched,24
20250801,00001450,계수초교,~,29,29140,2914012000,,,,,,tago_bus_stop,not_provided_by_api,unmatched,24
20250801,00001469,해태아파트,~,29,29140,2914012100,,,,,,tago_bus_stop,not_provided_by_api,unmatched,24
20250801,00001470,해태아파트,~,29,29140,2914012100,,,,,,tago_bus_stop,not_provided_by_api,unmatched,24
20250801,00001484,화정현대아파트,~,29,29140,2914011900,,,,,,tago_bus_stop,not_provided_by_api,unmatched,24
20250801,00001485,쌍촌현대아파트,~,29,29140,2914011800,,,,,,tago_bus_stop,not_provided_by_api,unmatched,24
20250801,00001486,쌍촌현대아파트,~,29,29140,2914011800,,,,,,tago_bus_stop,not_provided_by_api,unmatched,24
20250801,00001487,화정현대아파트,~,29,29140,2914011900,,,,,,tago_bus_stop,not_provided_by_api,unmatched,24
20250801,00001491,서광주세무서,~,29,29140,2914011800,,,,,,tago_bus_stop,not_provided_by_api,unmatched,24
20250801,00001493,서광주세무서,~,29,29140,2914011800,,,,,,tago_bus_stop,not_provided_by_api,unmatched,24
20250801,00001497,상무호반3차,~,29,29140,2914011800,,,,,,tago_bus_stop,not_provided_by_api,unmatched,24
20250801,00001504,광주중,~,29,29140,2914013000,,,,,,tago_bus_stop,not_provided_by_api,unmatched,24
20250801,00001506,광주중,~,29,29140,2914013000,,,,,,tago_bus_stop,not_provided_by_api,unmatched,24
20250801,00001542,염주사거리(서),~,29,29140,2914011900,,,,,,tago_bus_stop,not_provided_by_api,unmatched,24
20250801,00001543,화정남초교,~,29,29140,2914011900,,,,,,tago_bus_stop,not_provided_by_api,unmatched,24
20250801,00001544,화정남초교,~,29,29140,2914011900,,,,,,tago_bus_stop,not_provided_by_api,unmatched,24
20250801,00001545,화정역,~,29,29140,2914011900,,,,,,tago_bus_stop,not_provided_by_api,unmatched,24
20250801,00001546,화정역,~,29,29140,2914011900,,,,,,tago_bus_stop,not_provided_by_api,unmatched,24
20250801,00001549,화정사거리,~,29,29140,2914011900,,,,,,tago_bus_stop,not_provided_by_api,unmatched,24
20250801,00001550,화정사거리,~,29,29140,2914011900,,,,,,tago_bus_stop,not_provided_by_api,unmatched,24
20250801,00001551,유니버시아드힐스테이트,~,29,29140,2914011900,,,,,,tago_bus_stop,not_provided_by_api,unmatched,24
20250801,00001552,유니버시아드힐스테이트,~,29,29140,2914011900,,,,,,tago_bus_stop,not_provided_by_api,unmatched,24
20250801,00001553,화정중,~,29,29140,2914011900,,,,,,tago_bus_stop,not_provided_by_api,unmatched,24
20250801,00001554,화정중,~,29,29140,2914011900,,,,,,tago_bus_stop,not_provided_by_api,unmatched,24
20250801,00001556,화정중흥파크,~,29,29140,2914011900,,,,,,tago_bus_stop,not_provided_by_api,unmatched,24
20250801,00001557,화정중흥파크,~,29,29140,2914011900,,,,,,tago_bus_stop,not_provided_by_api,unmatched,24
20250801,00001561,광주학생독립운동기념관,~,29,29140,2914011800,,,,,,tago_bus_stop,not_provided_by_api,unmatched,24
20250801,00001571,CBS방송국,~,29,29140,2914013000,,,,,,tago_bus_stop,not_provided_by_api,unmatched,24
20250801,00001572,CBS방송국,~,29,29140,2914013000,,,,,,tago_bus_stop,not_provided_by_api,unmatched,24
20250801,00001573,5.18기념공원,~,29,29140,2914012000,,,,,,tago_bus_stop,not_provided_by_api,unmatched,24
20250801,00001574,5.18기념공원,~,29,29140,2914012000,,,,,,tago_bus_stop,not_provided_by_api,unmatched,24
20250801,00001579,김대중컨벤션센터(마륵)역,~,29,29140,2914013100,,,,,,tago_bus_stop,not_provided_by_api,unmatched,24
20250801,00001583,월암,~,29,29140,2914013100,,,,,,tago_bus_stop,not_provided_by_api,unmatched,24
20250801,00001716,서창사거리,~,29,29140,2914012900,,,,,,tago_bus_stop,not_provided_by_api,unmatched,24
20250801,00001717,서창농협벽진지점,~,29,29140,2914012900,,,,,,tago_bus_stop,not_provided_by_api,unmatched,24
20250801,00001718,마산(서창),~,29,29140,2914012900,,,,,,tago_bus_stop,not_provided_by_api,unmatched,24
20250801,00001719,동하,~,29,29140,2914012600,,,,,,tago_bus_stop,not_provided_by_api,unmatched,24
20250801,00001720,서창동행정복지센터,~,29,29140,2914012600,,,,,,tago_bus_stop,not_provided_by_api,unmatched,24
20250801,00001723,매월동(북),~,29,29140,2914013200,,,,,,tago_bus_stop,not_provided_by_api,unmatched,24
20250801,00001724,대동고,~,29,29140,2914013200,,,,,,tago_bus_stop,not_provided_by_api,unmatched,24
20250801,00001726,서부자동차매매단지,~,29,29140,2914013200,,,,,,tago_bus_stop,not_provided_by_api,unmatched,24
20250801,00001727,종합유통단지,~,29,29140,2914013200,,,,,,tago_bus_stop,not_provided_by_api,unmatched,24
20250801,00001729,서부농수산물도매시장,~,29,29140,2914013200,,,,,,tago_bus_stop,not_provided_by_api,unmatched,24
20250801,00001732,공구단지,~,29,29140,2914013200,,,,,,tago_bus_stop,not_provided_by_api,unmatched,24
20250801,00001734,운리마을,~,29,29140,2914012800,,,,,,tago_bus_stop,not_provided_by_api,unmatched,24
20250801,00001735,동명회.송원고,~,29,29140,2914012800,,,,,,tago_bus_stop,not_provided_by_api,unmatched,24
20250801,00001755,동명회.송원고,~,29,29140,2914012800,,,,,,tago_bus_stop,not_provided_by_api,unmatched,24
20250801,00001756,운리마을,~,29,29140,2914012800,,,,,,tago_bus_stop,not_provided_by_api,unmatched,24
20250801,00001758,공구단지,~,29,29140,2914013200,,,,,,tago_bus_stop,not_provided_by_api,unmatched,24
20250801,00001759,화훼단지,~,29,29140,2914013200,,,,,,tago_bus_stop,not_provided_by_api,unmatched,24
20250801,00001760,대동고,~,29,29140,2914013200,,,,,,tago_bus_stop,not_provided_by_api,unmatched,24
20250801,00001762,절골입구(서),~,29,29140,2914012600,,,,,,tago_bus_stop,not_provided_by_api,unmatched,24
20250801,00001763,중촌,~,29,29140,2914012500,,,,,,tago_bus_stop,not_provided_by_api,unmatched,24
20250801,00001764,서창치안센터,~,29,29140,2914012500,,,,,,tago_bus_stop,not_provided_by_api,unmatched,24
20250801,00001765,용두입구,~,29,29140,2914012700,,,,,,tago_bus_stop,not_provided_by_api,unmatched,24
20250801,00001797,구룡(대촌),~,29,29140,2914012700,,,,,,tago_bus_stop,not_provided_by_api,unmatched,24
20250801,00001798,신용,~,29,29140,2914012700,,,,,,tago_bus_stop,not_provided_by_api,unmatched,24
20250801,00001799,봉학,~,29,29140,2914012700,,,,,,tago_bus_stop,not_provided_by_api,unmatched,24
20250801,00001802,서창농협벽진지점,~,29,29140,2914012900,,,,,,tago_bus_stop,not_provided_by_api,unmatched,24
20250801,00002180,마산(서창),~,29,29140,2914012900,,,,,,tago_bus_stop,not_provided_by_api,unmatched,24
20250801,00002181,동하,~,29,29140,2914012600,,,,,,tago_bus_stop,not_provided_by_api,unmatched,24
20250801,00002182,서창동행정복지센터,~,29,29140,2914012600,,,,,,tago_bus_stop,not_provided_by_api,unmatched,24
20250801,00002185,매월동(북),~,29,29140,2914013200,,,,,,tago_bus_stop,not_provided_by_api,unmatched,24
20250801,00002186,서부자동차매매단지,~,29,29140,2914013200,,,,,,tago_bus_stop,not_provided_by_api,unmatched,24
20250801,00002187,종합유통단지,~,29,29140,2914013200,,,,,,tago_bus_stop,not_provided_by_api,unmatched,24
20250801,00002188,서부농수산물도매시장,~,29,29140,2914013200,,,,,,tago_bus_stop,not_provided_by_api,unmatched,24
20250801,00002190,절골입구(서),~,29,29140,2914012500,,,,,,tago_bus_stop,not_provided_by_api,unmatched,24
20250801,00002191,중촌,~,29,29140,2914012500,,,,,,tago_bus_stop,not_provided_by_api,unmatched,24
20250801,00002192,서창치안센터,~,29,29140,2914012500,,,,,,tago_bus_stop,not_provided_by_api,unmatched,24
20250801,00002193,용두입구,~,29,29140,2914012700,,,,,,tago_bus_stop,not_provided_by_api,unmatched,24
20250801,00002225,구룡(대촌),~,29,29140,2914012700,,,,,,tago_bus_stop,not_provided_by_api,unmatched,24
20250801,00002226,신용,~,29,29140,2914012700,,,,,,tago_bus_stop,not_provided_by_api,unmatched,24
20250801,00002718,덕흥삼거리,~,29,29140,2914011700,,,,,,tago_bus_stop,not_provided_by_api,unmatched,24
20250801,00002776,발산교(남),~,29,29140,2914010400,,,,,,tago_bus_stop,not_provided_by_api,unmatched,24
20250801,00002782,양동교,~,29,29140,2914010400,,,,,,tago_bus_stop,not_provided_by_api,unmatched,24
20250801,00002784,천교,~,29,29140,2914010400,,,,,,tago_bus_stop,not_provided_by_api,unmatched,24
20250801,00002831,한국은행,~,29,29140,2914012000,,,,,,tago_bus_stop,not_provided_by_api,unmatched,24
20250801,00002832,한국은행,~,29,29140,2914012000,,,,,,tago_bus_stop,not_provided_by_api,unmatched,24
20250801,00002835,한국국토정보공사,~,29,29140,2914012000,,,,,,tago_bus_stop,not_provided_by_api,unmatched,24
20250801,00002836,한국국토정보공사,~,29,29140,2914012000,,,,,,tago_bus_stop,not_provided_by_api,unmatched,24
20250801,00002872,현대자동차,~,29,29140,2914011500,,,,,,tago_bus_stop,not_provided_by_api,unmatched,24
20250801,00002873,현대자동차,~,29,29140,2914011500,,,,,,tago_bus_stop,not_provided_by_api,unmatched,24
20250801,00002876,농협운천지점,~,29,29140,2914012000,,,,,,tago_bus_stop,not_provided_by_api,unmatched,24
20250801,00002877,농협운천지점,~,29,29140,2914012000,,,,,,tago_bus_stop,not_provided_by_api,unmatched,24
20250801,00002893,동림I.C입구,~,29,29140,2914013300,,,,,,tago_bus_stop,not_provided_by_api,unmatched,24
20250801,00002894,동천마을1단지,~,29,29140,2914013300,,,,,,tago_bus_stop,not_provided_by_api,unmatched,24
20250801,00002955,풍암사거리(동),~,29,29140,2914013000,,,,,,tago_bus_stop,not_provided_by_api,unmatched,24
20250801,00002957,풍암사거리(동),~,29,29140,2914012800,,,,,,tago_bus_stop,not_provided_by_api,unmatched,24
20250801,00002965,한국수자원공사,~,29,29140,2914012000,,,,,,tago_bus_stop,not_provided_by_api,unmatched,24
20250801,00002966,한국수자원공사,~,29,29140,2914012000,,,,,,tago_bus_stop,not_provided_by_api,unmatched,24
20250801,00002972,농성중흥파크,~,29,29140,2914010600,,,,,,tago_bus_stop,not_provided_by_api,unmatched,24
20250801,00002973,농성중흥파크,~,29,29140,2914010600,,,,,,tago_bus_stop,not_provided_by_api,unmatched,24
20250801,00002995,화훼단지,~,29,29140,2914013200,,,,,,tago_bus_stop,not_provided_by_api,unmatched,24
20250801,00002996,동천동행정복지센터,~,29,29140,2914013300,,,,,,tago_bus_stop,not_provided_by_api,unmatched,24
20250801,00002997,동천동행정복지센터,~,29,29140,2914013300,,,,,,tago_bus_stop,not_provided_by_api,unmatched,24
20250801,00002999,유덕동행정복지센터,~,29,29140,2914011600,,,,,,tago_bus_stop,not_provided_by_api,unmatched,24
20250801,00003000,유덕동행정복지센터,~,29,29140,2914011600,,,,,,tago_bus_stop,not_provided_by_api,unmatched,24
20250801,00003001,유촌마을입구,~,29,29140,2914011600,,,,,,tago_bus_stop,not_provided_by_api,unmatched,24
20250801,00003002,유촌마을입구,~,29,29140,2914011600,,,,,,tago_bus_stop,not_provided_by_api,unmatched,24
20250801,00003232,담배인삼공사,~,29,29140,2914010600,,,,,,tago_bus_stop,not_provided_by_api,unmatched,24
20250801,00003233,담배인삼공사,~,29,29140,2914010600,,,,,,tago_bus_stop,not_provided_by_api,unmatched,24
20250801,00003274,김대중컨벤션센터,~,29,29140,2914012000,,,,,,tago_bus_stop,not_provided_by_api,unmatched,24
20250801,00003275,김대중컨벤션센터,~,29,29140,2914012000,,,,,,tago_bus_stop,not_provided_by_api,unmatched,24
20250801,00003281,발산마을,~,29,29140,2914010400,,,,,,tago_bus_stop,not_provided_by_api,unmatched,24
20250801,00003282,발산마을,~,29,29140,2914010400,,,,,,tago_bus_stop,not_provided_by_api,unmatched,24
20250801,00003283,양동시장역(천변),~,29,29140,2914010400,,,,,,tago_bus_stop,not_provided_by_api,unmatched,24
20250801,00003288,유덕2교차로,~,29,29140,2914011600,,,,,,tago_bus_stop,not_provided_by_api,unmatched,24
20250801,00003289,유덕2교차로,~,29,29140,2914011600,,,,,,tago_bus_stop,not_provided_by_api,unmatched,24
20250801,00003293,석교삼거리,~,29,29140,2914012700,,,,,,tago_bus_stop,not_provided_by_api,unmatched,24
20250801,00003294,석교삼거리,~,29,29140,2914012700,,,,,,tago_bus_stop,not_provided_by_api,unmatched,24
20250801,00003413,상무라인대주,~,29,29140,2914012000,,,,,,tago_bus_stop,not_provided_by_api,unmatched,24
20250801,00003414,상무라인대주,~,29,29140,2914012000,,,,,,tago_bus_stop,not_provided_by_api,unmatched,24
20250801,00003415,상무해광한신아파트,~,29,29140,2914012000,,,,,,tago_bus_stop,not_provided_by_api,unmatched,24
20250801,00003416,상무해광한신아파트,~,29,29140,2914012000,,,,,,tago_bus_stop,not_provided_by_api,unmatched,24
20250801,00003478,마현,~,29,29140,2914012700,,,,,,tago_bus_stop,not_provided_by_api,unmatched,24
20250801,00003490,발산교(남),~,29,29140,2914010400,,,,,,tago_bus_stop,not_provided_by_api,unmatched,24
20250801,00003506,동천마을6단지,~,29,29140,2914013300,,,,,,tago_bus_stop,not_provided_by_api,unmatched,24
20250801,00003541,만호마을,~,29,29140,2914013000,,,,,,tago_bus_stop,not_provided_by_api,unmatched,24
20250801,00003542,만호마을,~,29,29140,2914013000,,,,,,tago_bus_stop,not_provided_by_api,unmatched,24
20250801,00003543,만호초교,~,29,29140,2914013000,,,,,,tago_bus_stop,not_provided_by_api,unmatched,24
20250801,00003544,만호초교,~,29,29140,2914013000,,,,,,tago_bus_stop,not_provided_by_api,unmatched,24
20250801,00003596,무등교회,~,29,29140,2914013000,,,,,,tago_bus_stop,not_provided_by_api,unmatched,24
20250801,00003597,무등교회,~,29,29140,2914013200,,,,,,tago_bus_stop,not_provided_by_api,unmatched,24
20250801,00003604,칠성마을사거리,~,29,29140,2914011800,,,,,,tago_bus_stop,not_provided_by_api,unmatched,24
20250801,00003605,칠성마을사거리,~,29,29140,2914011800,,,,,,tago_bus_stop,not_provided_by_api,unmatched,24
20250801,00003678,풍암동부센트레빌,~,29,29140,2914012800,,,,,,tago_bus_stop,not_provided_by_api,unmatched,24
20250801,00003679,풍암SK뷰,~,29,29140,2914012800,,,,,,tago_bus_stop,not_provided_by_api,unmatched,24
20250801,00003692,운리초교입구,~,29,29140,2914012800,,,,,,tago_bus_stop,not_provided_by_api,unmatched,24
20250801,00003693,운리초교입구,~,29,29140,2914012800,,,,,,tago_bus_stop,not_provided_by_api,unmatched,24
20250801,00003694,풍암동부센트레빌,~,29,29140,2914012800,,,,,,tago_bus_stop,not_provided_by_api,unmatched,24
20250801,00003774,매월동(동),~,29,29140,2914013200,,,,,,tago_bus_stop,not_provided_by_api,unmatched,24
20250801,00003775,매월동(동),~,29,29140,2914013200,,,,,,tago_bus_stop,not_provided_by_api,unmatched,24
20250801,00003789,절골입구(북),~,29,29140,2914012600,,,,,,tago_bus_stop,not_provided_by_api,unmatched,24
20250801,00004009,전남고,~,29,29140,2914012000,,,,,,tago_bus_stop,not_provided_by_api,unmatched,24
20250801,00004010,전남고,~,29,29140,2914012000,,,,,,tago_bus_stop,not_provided_by_api,unmatched,24
20250801,00004011,대우디오빌,~,29,29140,2914012000,,,,,,tago_bus_stop,not_provided_by_api,unmatched,24
20250801,00004012,대우디오빌,~,29,29140,2914012000,,,,,,tago_bus_stop,not_provided_by_api,unmatched,24
20250801,00004013,풍암SK뷰,~,29,29140,2914012800,,,,,,tago_bus_stop,not_provided_by_api,unmatched,24
20250801,00004038,덕흥마을입구,~,29,29140,2914011700,,,,,,tago_bus_stop,not_provided_by_api,unmatched,24
20250801,00004039,덕흥마을입구,~,29,29140,2914011700,,,,,,tago_bus_stop,not_provided_by_api,unmatched,24
20250801,00004054,덕흥삼거리,~,29,29140,2914011700,,,,,,tago_bus_stop,not_provided_by_api,unmatched,24
20250801,00004141,운천역(북),~,29,29140,2914011800,,,,,,tago_bus_stop,not_provided_by_api,unmatched,24
20250801,00004142,운천역(북),~,29,29140,2914011800,,,,,,tago_bus_stop,not_provided_by_api,unmatched,24
20250801,00004144,중흥아파트사거리,~,29,29140,2914011800,,,,,,tago_bus_stop,not_provided_by_api,unmatched,24
20250801,00004145,버들마을사거리,~,29,29140,2914011800,,,,,,tago_bus_stop,not_provided_by_api,unmatched,24
20250801,00004146,버들마을사거리,~,29,29140,2914011800,,,,,,tago_bus_stop,not_provided_by_api,unmatched,24
20250801,00004150,중흥아파트사거리,~,29,29140,2914011800,,,,,,tago_bus_stop,not_provided_by_api,unmatched,24
20250801,00004181,매월종합상가공구단지,~,29,29140,2914013200,,,,,,tago_bus_stop,not_provided_by_api,unmatched,24
20250801,00004182,매월종합상가공구단지,~,29,29140,2914013200,,,,,,tago_bus_stop,not_provided_by_api,unmatched,24
20250801,00004285,금호저수지입구,~,29,29140,2914013000,,,,,,tago_bus_stop,not_provided_by_api,unmatched,24
20250801,00004286,금호저수지입구,~,29,29140,2914013000,,,,,,tago_bus_stop,not_provided_by_api,unmatched,24
20250801,00004287,상무역(남),~,29,29140,2914013100,,,,,,tago_bus_stop,not_provided_by_api,unmatched,24
20250801,00004288,상무역(남),~,29,29140,2914013100,,,,,,tago_bus_stop,not_provided_by_api,unmatched,24
20250801,00004289,서구국민체육센터,~,29,29140,2914012800,,,,,,tago_bus_stop,not_provided_by_api,unmatched,24
20250801,00004290,서구국민체육센터,~,29,29140,2914012800,,,,,,tago_bus_stop,not_provided_by_api,unmatched,24
20250801,00004291,월드컵경기장정문,~,29,29140,2914012800,,,,,,tago_bus_stop,not_provided_by_api,unmatched,24
20250801,00004292,월드컵경기장정문,~,29,29140,2914012800,,,,,,tago_bus_stop,not_provided_by_api,unmatched,24
20250801,00004293,월드컵경기장주차장,~,29,29140,2914012800,,,,,,tago_bus_stop,not_provided_by_api,unmatched,24
20250801,00004294,월드컵경기장주차장,~,29,29140,2914012800,,,,,,tago_bus_stop,not_provided_by_api,unmatched,24
20250801,00004295,유덕1교차로,~,29,29140,2914011600,,,,,,tago_bus_stop,not_provided_by_api,unmatched,24
20250801,00004297,자활촌입구,~,29,29140,2914013100,,,,,,tago_bus_stop,not_provided_by_api,unmatched,24
20250801,00004299,화정우성아파트,~,29,29140,2914011900,,,,,,tago_bus_stop,not_provided_by_api,unmatched,24
20250801,00004300,화정우성아파트,~,29,29140,2914011900,,,,,,tago_bus_stop,not_provided_by_api,unmatched,24
20250801,00004301,희망가아파트,~,29,29140,2914013100,,,,,,tago_bus_stop,not_provided_by_api,unmatched,24
20250801,00004302,희망가아파트,~,29,29140,2914013100,,,,,,tago_bus_stop,not_provided_by_api,unmatched,24
20250801,00004399,동천6단지,~,29,29140,2914013300,,,,,,tago_bus_stop,not_provided_by_api,unmatched,24
20250801,00004455,두암중,~,29,29140,2914011700,,,,,,tago_bus_stop,not_provided_by_api,unmatched,24
20250801,00006673,보훈회관(5.18민주화운동교육관),~,29,29140,2914012000,,,,,,tago_bus_stop,not_provided_by_api,unmatched,24
20250801,00006674,보훈회관(5.18민주화운동교육관),~,29,29140,2914012000,,,,,,tago_bus_stop,not_provided_by_api,unmatched,24
20250801,00006699,보훈회관(서),~,29,29140,2914012000,,,,,,tago_bus_stop,not_provided_by_api,unmatched,24
20250801,00006700,보훈회관(서),~,29,29140,2914012000,,,,,,tago_bus_stop,not_provided_by_api,unmatched,24
20250801,00006704,다사랑병원,~,29,29140,2914012900,,,,,,tago_bus_stop,not_provided_by_api,unmatched,24
20250801,00006705,다사랑병원,~,29,29140,2914012900,,,,,,tago_bus_stop,not_provided_by_api,unmatched,24
20250801,00006737,서창사거리,~,29,29140,2914012900,,,,,,tago_bus_stop,not_provided_by_api,unmatched,24
20250801,8005230,광주유스퀘어(종합터미널),~,29,29140,2914011500,,,,,,tago_bus_stop,not_provided_by_api,unmatched,24
