station_id,station_name,normalized_station_name,line,external_code,source
1707,명학,명학,01호선,P148,seoul_openapi
1709,군포,군포,01호선,P150,seoul_openapi
1815,부개,부개,01호선,151,seoul_openapi
1814,소사,소사,01호선,147,seoul_openapi
1813,구일,구일,01호선,142,seoul_openapi
1812,인천,인천,01호선,161,seoul_openapi
1811,동인천,동인천,01호선,160,seoul_openapi
1810,제물포,제물포,01호선,158,seoul_openapi
1809,주안,주안,01호선,156,seoul_openapi
1808,동암,동암,01호선,154,seoul_openapi
1807,백운,백운,01호선,153,seoul_openapi
1806,부평,부평,01호선,152,seoul_openapi
1802,오류동,오류동,01호선,144,seoul_openapi
1801,개봉,개봉,01호선,143,seoul_openapi
1728,천안,천안,01호선,P169,seoul_openapi
1727,두정,두정,01호선,P168,seoul_openapi
1726,직산,직산,01호선,P167,seoul_openapi
1725,성환,성환,01호선,P166,seoul_openapi
1720,진위,진위,01호선,P161,seoul_openapi
1713,수원,수원,01호선,P155,seoul_openapi
1712,화서,화서,01호선,P154,seoul_openapi
1022,창동,창동,01호선,116,seoul_openapi
1002,남영,남영,01호선,134,seoul_openapi
1003,용산,용산,01호선,135,seoul_openapi
1004,노량진,노량진,01호선,136,seoul_openapi
1005,대방,대방,01호선,137,seoul_openapi
1006,영등포,영등포,01호선,139,seoul_openapi
1007,신도림,신도림,01호선,140,seoul_openapi
1401,봉명,봉명,01호선,P170,seoul_openapi
1402,쌍용,쌍용,01호선,P171,seoul_openapi
1403,아산,아산,01호선,P172,seoul_openapi
1404,탕정,탕정,01호선,P173,seoul_openapi
1405,배방,배방,01호선,P174,seoul_openapi
1016,외대앞,외대앞,01호선,122,seoul_openapi
1017,신이문,신이문,01호선,121,seoul_openapi
1407,온양온천,온양온천,01호선,P176,seoul_openapi
1408,신창,신창,01호선,P177,seoul_openapi
0159,동묘앞,동묘앞,01호선,127,seoul_openapi
0158,청량리,청량리,01호선,124,seoul_openapi
0157,제기동,제기동,01호선,125,seoul_openapi
0156,신설동,신설동,01호선,126,seoul_openapi
0155,동대문,동대문,01호선,128,seoul_openapi
0154,종로5가,종로5가,01호선,129,seoul_openapi
0153,종로3가,종로3가,01호선,130,seoul_openapi
0152,종각,종각,01호선,131,seoul_openapi
0151,시청,시청,01호선,132,seoul_openapi
0150,서울역,서울,01호선,133,seoul_openapi
1912,지행,지행,01호선,104,seoul_openapi
1805,송내,송내,01호선,150,seoul_openapi
1804,부천,부천,01호선,148,seoul_openapi
1803,역곡,역곡,01호선,146,seoul_openapi
1904,망월사,망월사,01호선,112,seoul_openapi
1018,석계,석계,01호선,120,seoul_openapi
1019,광운대,광운대,01호선,119,seoul_openapi
1903,도봉산,도봉산,01호선,113,seoul_openapi
1020,월계,월계,01호선,118,seoul_openapi
1902,도봉,도봉,01호선,114,seoul_openapi
1901,방학,방학,01호선,115,seoul_openapi
1750,광명,광명,01호선,P144-1,seoul_openapi
1749,서동탄,서동탄,01호선,P157-1,seoul_openapi
1702,가산디지털단지,가산디지털단지,01호선,P142,seoul_openapi
1703,금천구청,금천구청,01호선,P144,seoul_openapi
1729,당정,당정,01호선,P151,seoul_openapi
1021,녹천,녹천,01호선,117,seoul_openapi
1704,석수,석수,01호선,P145,seoul_openapi
1705,관악,관악,01호선,P146,seoul_openapi
1724,평택,평택,01호선,P165,seoul_openapi
1723,평택지제,평택지제,01호선,P164,seoul_openapi
1722,서정리,서정리,01호선,P163,seoul_openapi
1701,구로,구로,01호선,141,seoul_openapi
1913,동두천중앙,동두천중앙,01호선,103,seoul_openapi
1915,동두천,동두천,01호선,101,seoul_openapi
1916,소요산,소요산,01호선,100,seoul_openapi
1917,청산,청산,01호선,100-1,seoul_openapi
1918,전곡,전곡,01호선,100-2,seoul_openapi
1711,성균관대,성균관대,01호선,P153,seoul_openapi
1710,의왕,의왕,01호선,P152,seoul_openapi
1721,송탄,송탄,01호선,P162,seoul_openapi
1719,오산,오산,01호선,P160,seoul_openapi
1718,오산대,오산대,01호선,P159,seoul_openapi
1717,세마,세마,01호선,P158,seoul_openapi
1716,병점,병점,01호선,P157,seoul_openapi
1715,세류,세류,01호선,P156,seoul_openapi
1714,독산,독산,01호선,P143,seoul_openapi
1706,안양,안양,01호선,P147,seoul_openapi
1919,연천,연천,01호선,100-3,seoul_openapi
1905,회룡,회룡,01호선,111,seoul_openapi
1906,의정부,의정부,01호선,110,seoul_openapi
1907,가능,가능,01호선,109,seoul_openapi
1908,녹양,녹양,01호선,108,seoul_openapi
1909,양주,양주,01호선,107,seoul_openapi
1910,덕계,덕계,01호선,106,seoul_openapi
1911,덕정,덕정,01호선,105,seoul_openapi
1914,보산,보산,01호선,102,seoul_openapi
1015,회기,회기,01호선,123,seoul_openapi
1708,금정,금정,01호선,P149,seoul_openapi
1032,신길,신길,01호선,138,seoul_openapi
1823,도화,도화,01호선,157,seoul_openapi
1822,중동,중동,01호선,149,seoul_openapi
1821,온수,온수,01호선,145,seoul_openapi
1817,도원,도원,01호선,159,seoul_openapi
1816,간석,간석,01호선,155,seoul_openapi
0214,강변,강변,02호선,214,seoul_openapi
0207,상왕십리,상왕십리,02호선,207,seoul_openapi
0221,역삼,역삼,02호선,221,seoul_openapi
0224,서초,서초,02호선,224,seoul_openapi
0211,성수,성수,02호선,211,seoul_openapi
0250,용두,용두,02호선,211-3,seoul_openapi
0249,신정네거리,신정네거리,02호선,234-3,seoul_openapi
0248,양천구청,양천구청,02호선,234-2,seoul_openapi
0247,도림천,도림천,02호선,234-1,seoul_openapi
0246,신설동,신설동,02호선,211-4,seoul_openapi
0245,신답,신답,02호선,211-2,seoul_openapi
0244,용답,용답,02호선,211-1,seoul_openapi
0205,동대문역사문화공원,동대문역사문화공원,02호선,205,seoul_openapi
0202,을지로입구,을지로입구,02호선,202,seoul_openapi
0223,교대,교대,02호선,223,seoul_openapi
0201,시청,시청,02호선,201,seoul_openapi
0243,충정로,충정로,02호선,243,seoul_openapi
0242,아현,아현,02호선,242,seoul_openapi
0241,이대,이대,02호선,241,seoul_openapi
0240,신촌,신촌,02호선,240,seoul_openapi
0239,홍대입구,홍대입구,02호선,239,seoul_openapi
0208,왕십리,왕십리,02호선,208,seoul_openapi
0209,한양대,한양대,02호선,209,seoul_openapi
0210,뚝섬,뚝섬,02호선,210,seoul_openapi
0230,신림,신림,02호선,230,seoul_openapi
0215,잠실나루,잠실나루,02호선,215,seoul_openapi
0206,신당,신당,02호선,206,seoul_openapi
0238,합정,합정,02호선,238,seoul_openapi
0237,당산,당산,02호선,237,seoul_openapi
0204,을지로4가,을지로4가,02호선,204,seoul_openapi
0216,잠실,잠실,02호선,216,seoul_openapi
0217,잠실새내,잠실새내,02호선,217,seoul_openapi
0222,강남,강남,02호선,222,seoul_openapi
0200,까치산,까치산,02호선,234-4,seoul_openapi
0236,영등포구청,영등포구청,02호선,236,seoul_openapi
0235,문래,문래,02호선,235,seoul_openapi
0234,신도림,신도림,02호선,234,seoul_openapi
0233,대림,대림,02호선,233,seoul_openapi
0227,낙성대,낙성대,02호선,227,seoul_openapi
0232,구로디지털단지,구로디지털단지,02호선,232,seoul_openapi
0226,사당,사당,02호선,226,seoul_openapi
0229,봉천,봉천,02호선,229,seoul_openapi
0228,서울대입구,서울대입구,02호선,228,seoul_openapi
0212,건대입구,건대입구,02호선,212,seoul_openapi
0225,방배,방배,02호선,225,seoul_openapi
0218,종합운동장,종합운동장,02호선,218,seoul_openapi
0219,삼성,삼성,02호선,219,seoul_openapi
0220,선릉,선릉,02호선,220,seoul_openapi
0203,을지로3가,을지로3가,02호선,203,seoul_openapi
0231,신대방,신대방,02호선,231,seoul_openapi
0213,구의,구의,02호선,213,seoul_openapi
1956,정발산,정발산,03호선,311,seoul_openapi
1952,화정,화정,03호선,315,seoul_openapi
0335,대치,대치,03호선,345,seoul_openapi
1958,대화,대화,03호선,309,seoul_openapi
1957,주엽,주엽,03호선,310,seoul_openapi
0340,가락시장,가락시장,03호선,350,seoul_openapi
0327,신사,신사,03호선,337,seoul_openapi
0326,압구정,압구정,03호선,336,seoul_openapi
1950,삼송,삼송,03호선,318,seoul_openapi
0323,약수,약수,03호선,333,seoul_openapi
0324,금호,금호,03호선,334,seoul_openapi
0329,고속터미널,고속터미널,03호선,339,seoul_openapi
0320,을지로3가,을지로3가,03호선,330,seoul_openapi
0334,도곡,도곡,03호선,344,seoul_openapi
0333,매봉,매봉,03호선,343,seoul_openapi
0332,양재,양재,03호선,342,seoul_openapi
0319,종로3가,종로3가,03호선,329,seoul_openapi
0339,수서,수서,03호선,349,seoul_openapi
0338,일원,일원,03호선,348,seoul_openapi
1951,원당,원당,03호선,316,seoul_openapi
0337,대청,대청,03호선,347,seoul_openapi
0325,옥수,옥수,03호선,335,seoul_openapi
0336,학여울,학여울,03호선,346,seoul_openapi
1948,원흥,원흥,03호선,317,seoul_openapi
0331,남부터미널,남부터미널,03호선,341,seoul_openapi
0330,교대,교대,03호선,340,seoul_openapi
0318,안국,안국,03호선,328,seoul_openapi
0316,독립문,독립문,03호선,326,seoul_openapi
0315,무악재,무악재,03호선,325,seoul_openapi
0314,홍제,홍제,03호선,324,seoul_openapi
0342,오금,오금,03호선,352,seoul_openapi
0311,연신내,연신내,03호선,321,seoul_openapi
0310,구파발,구파발,03호선,320,seoul_openapi
0309,지축,지축,03호선,319,seoul_openapi
0322,동대입구,동대입구,03호선,332,seoul_openapi
0321,충무로,충무로,03호선,331,seoul_openapi
0328,잠원,잠원,03호선,338,seoul_openapi
1955,마두,마두,03호선,312,seoul_openapi
0313,녹번,녹번,03호선,323,seoul_openapi
0312,불광,불광,03호선,322,seoul_openapi
0317,경복궁,경복궁,03호선,327,seoul_openapi
1954,백석,백석,03호선,313,seoul_openapi
1953,대곡,대곡,03호선,314,seoul_openapi
0341,경찰병원,경찰병원,03호선,351,seoul_openapi
0425,회현,회현,04호선,425,seoul_openapi
1762,오이도,오이도,04호선,456,seoul_openapi
1761,정왕,정왕,04호선,455,seoul_openapi
0433,사당,사당,04호선,433,seoul_openapi
0434,남태령,남태령,04호선,434,seoul_openapi
1458,금정,금정,04호선,443,seoul_openapi
1457,범계,범계,04호선,442,seoul_openapi
1456,평촌,평촌,04호선,441,seoul_openapi
1455,인덕원,인덕원,04호선,440,seoul_openapi
0432,총신대입구,총신대입구,04호선,432,seoul_openapi
0431,동작,동작,04호선,431,seoul_openapi
0430,이촌,이촌,04호선,430,seoul_openapi
0429,신용산,신용산,04호선,429,seoul_openapi
0405,진접,진접,04호선,405,seoul_openapi
0406,오남,오남,04호선,406,seoul_openapi
0408,별내별가람,별내별가람,04호선,408,seoul_openapi
0409,불암산,불암산,04호선,409,seoul_openapi
1450,선바위,선바위,04호선,435,seoul_openapi
1451,경마공원,경마공원,04호선,436,seoul_openapi
1452,대공원,대공원,04호선,437,seoul_openapi
1453,과천,과천,04호선,438,seoul_openapi
1756,중앙,중앙,04호선,450,seoul_openapi
1755,한대앞,한대앞,04호선,449,seoul_openapi
1754,상록수,상록수,04호선,448,seoul_openapi
1753,반월,반월,04호선,447,seoul_openapi
0410,상계,상계,04호선,410,seoul_openapi
1752,대야미,대야미,04호선,446,seoul_openapi
1454,정부과천청사,정부과천청사,04호선,439,seoul_openapi
1751,산본,산본,04호선,444,seoul_openapi
0411,노원,노원,04호선,411,seoul_openapi
0412,창동,창동,04호선,412,seoul_openapi
0413,쌍문,쌍문,04호선,413,seoul_openapi
0414,수유,수유,04호선,414,seoul_openapi
0415,미아,미아,04호선,415,seoul_openapi
0416,미아사거리,미아사거리,04호선,416,seoul_openapi
0417,길음,길음,04호선,417,seoul_openapi
1760,신길온천,신길온천,04호선,454,seoul_openapi
1763,수리산,수리산,04호선,445,seoul_openapi
1759,안산,안산,04호선,453,seoul_openapi
1758,초지,초지,04호선,452,seoul_openapi
1757,고잔,고잔,04호선,451,seoul_openapi
0428,삼각지,삼각지,04호선,428,seoul_openapi
0418,성신여대입구,성신여대입구,04호선,418,seoul_openapi
0419,한성대입구,한성대입구,04호선,419,seoul_openapi
0420,혜화,혜화,04호선,420,seoul_openapi
0421,동대문,동대문,04호선,421,seoul_openapi
0422,동대문역사문화공원,동대문역사문화공원,04호선,422,seoul_openapi
0423,충무로,충무로,04호선,423,seoul_openapi
0424,명동,명동,04호선,424,seoul_openapi
0426,서울역,서울,04호선,426,seoul_openapi
0427,숙대입구,숙대입구,04호선,427,seoul_openapi
2556,올림픽공원,올림픽공원,05호선,P550,seoul_openapi
2512,개화산,개화산,05호선,511,seoul_openapi
2555,둔촌동,둔촌동,05호선,P549,seoul_openapi
2545,군자,군자,05호선,544,seoul_openapi
2546,아차산,아차산,05호선,545,seoul_openapi
2523,양평,양평,05호선,522,seoul_openapi
2522,오목교,오목교,05호선,521,seoul_openapi
2521,목동,목동,05호선,520,seoul_openapi
2541,왕십리,왕십리,05호선,540,seoul_openapi
2560,거여,거여,05호선,P554,seoul_openapi
2513,김포공항,김포공항,05호선,512,seoul_openapi
2514,송정,송정,05호선,513,seoul_openapi
2551,굽은다리,굽은다리,05호선,550,seoul_openapi
2552,명일,명일,05호선,551,seoul_openapi
2553,고덕,고덕,05호선,552,seoul_openapi
2550,길동,길동,05호선,549,seoul_openapi
2548,천호,천호,05호선,547,seoul_openapi
2543,답십리,답십리,05호선,542,seoul_openapi
2547,광나루,광나루,05호선,546,seoul_openapi
2554,상일동,상일동,05호선,553,seoul_openapi
2542,마장,마장,05호선,541,seoul_openapi
2539,신금호,신금호,05호선,538,seoul_openapi
2561,마천,마천,05호선,P555,seoul_openapi
2562,강일,강일,05호선,554,seoul_openapi
2566,하남검단산,하남검단산,05호선,558,seoul_openapi
2515,마곡,마곡,05호선,514,seoul_openapi
2516,발산,발산,05호선,515,seoul_openapi
2517,우장산,우장산,05호선,516,seoul_openapi
2519,까치산,까치산,05호선,518,seoul_openapi
2520,신정,신정,05호선,519,seoul_openapi
2526,신길,신길,05호선,525,seoul_openapi
2536,을지로4가,을지로4가,05호선,535,seoul_openapi
2538,청구,청구,05호선,537,seoul_openapi
2537,동대문역사문화공원,동대문역사문화공원,05호선,536,seoul_openapi
2534,광화문,광화문,05호선,533,seoul_openapi
2533,서대문,서대문,05호선,532,seoul_openapi
2532,충정로,충정로,05호선,531,seoul_openapi
2531,애오개,애오개,05호선,530,seoul_openapi
2530,공덕,공덕,05호선,529,seoul_openapi
2549,강동,강동,05호선,548,seoul_openapi
2535,종로3가,종로3가,05호선,534,seoul_openapi
2529,마포,마포,05호선,528,seoul_openapi
2527,여의도,여의도,05호선,526,seoul_openapi
2525,영등포시장,영등포시장,05호선,524,seoul_openapi
2524,영등포구청,영등포구청,05호선,523,seoul_openapi
2511,방화,방화,05호선,510,seoul_openapi
2544,장한평,장한평,05호선,543,seoul_openapi
2518,화곡,화곡,05호선,517,seoul_openapi
2540,행당,행당,05호선,539,seoul_openapi
2559,개롱,개롱,05호선,P553,seoul_openapi
2558,오금,오금,05호선,P552,seoul_openapi
2528,여의나루,여의나루,05호선,527,seoul_openapi
2565,하남시청,하남시청,05호선,557,seoul_openapi
2564,하남풍산,하남풍산,05호선,556,seoul_openapi
2563,미사,미사,05호선,555,seoul_openapi
2557,방이,방이,05호선,P551,seoul_openapi
2620,월드컵경기장,월드컵경기장,06호선,619,seoul_openapi
2611,응암,응암,06호선,610,seoul_openapi
2623,합정,합정,06호선,622,seoul_openapi
2613,불광,불광,06호선,612,seoul_openapi
2614,독바위,독바위,06호선,613,seoul_openapi
2617,새절,새절,06호선,616,seoul_openapi
2618,증산,증산,06호선,617,seoul_openapi
2619,디지털미디어시티,디지털미디어시티,06호선,618,seoul_openapi
2622,망원,망원,06호선,621,seoul_openapi
2624,상수,상수,06호선,623,seoul_openapi
2625,광흥창,광흥창,06호선,624,seoul_openapi
2628,효창공원앞,효창공원앞,06호선,627,seoul_openapi
2629,삼각지,삼각지,06호선,628,seoul_openapi
2630,녹사평,녹사평,06호선,629,seoul_openapi
2631,이태원,이태원,06호선,630,seoul_openapi
2632,한강진,한강진,06호선,631,seoul_openapi
2633,버티고개,버티고개,06호선,632,seoul_openapi
2645,석계,석계,06호선,644,seoul_openapi
2646,태릉입구,태릉입구,06호선,645,seoul_openapi
2649,신내,신내,06호선,648,seoul_openapi
2641,고려대,고려대,06호선,640,seoul_openapi
2642,월곡,월곡,06호선,641,seoul_openapi
2647,화랑대,화랑대,06호선,646,seoul_openapi
2648,봉화산,봉화산,06호선,647,seoul_openapi
2615,연신내,연신내,06호선,614,seoul_openapi
2616,구산,구산,06호선,615,seoul_openapi
2634,약수,약수,06호선,633,seoul_openapi
2635,청구,청구,06호선,634,seoul_openapi
2636,신당,신당,06호선,635,seoul_openapi
2637,동묘앞,동묘앞,06호선,636,seoul_openapi
2638,창신,창신,06호선,637,seoul_openapi
2639,보문,보문,06호선,638,seoul_openapi
2640,안암,안암,06호선,639,seoul_openapi
2643,상월곡,상월곡,06호선,642,seoul_openapi
2644,돌곶이,돌곶이,06호선,643,seoul_openapi
2621,마포구청,마포구청,06호선,620,seoul_openapi
2626,대흥,대흥,06호선,625,seoul_openapi
2627,공덕,공덕,06호선,626,seoul_openapi
2612,역촌,역촌,06호선,611,seoul_openapi
2712,도봉산,도봉산,07호선,710,seoul_openapi
2723,면목,면목,07호선,721,seoul_openapi
2724,사가정,사가정,07호선,722,seoul_openapi
2725,용마산,용마산,07호선,723,seoul_openapi
2726,중곡,중곡,07호선,724,seoul_openapi
2728,어린이대공원,어린이대공원,07호선,726,seoul_openapi
3754,부천종합운동장,부천종합운동장,07호선,752,seoul_openapi
2742,장승배기,장승배기,07호선,740,seoul_openapi
2735,반포,반포,07호선,733,seoul_openapi
2747,남구로,남구로,07호선,745,seoul_openapi
2711,장암,장암,07호선,709,seoul_openapi
2741,상도,상도,07호선,739,seoul_openapi
2740,숭실대입구,숭실대입구,07호선,738,seoul_openapi
2722,상봉,상봉,07호선,720,seoul_openapi
2721,중화,중화,07호선,719,seoul_openapi
2720,먹골,먹골,07호선,718,seoul_openapi
2719,태릉입구,태릉입구,07호선,717,seoul_openapi
2718,공릉,공릉,07호선,716,seoul_openapi
2717,하계,하계,07호선,715,seoul_openapi
2714,마들,마들,07호선,712,seoul_openapi
3761,부평구청,부평구청,07호선,759,seoul_openapi
2752,온수,온수,07호선,750,seoul_openapi
2727,군자,군자,07호선,725,seoul_openapi
2749,철산,철산,07호선,747,seoul_openapi
2748,가산디지털단지,가산디지털단지,07호선,746,seoul_openapi
2713,수락산,수락산,07호선,711,seoul_openapi
2736,고속터미널,고속터미널,07호선,734,seoul_openapi
2737,내방,내방,07호선,735,seoul_openapi
2738,이수,이수,07호선,736,seoul_openapi
2743,신대방삼거리,신대방삼거리,07호선,741,seoul_openapi
2751,천왕,천왕,07호선,749,seoul_openapi
2750,광명사거리,광명사거리,07호선,748,seoul_openapi
2739,남성,남성,07호선,737,seoul_openapi
2744,보라매,보라매,07호선,742,seoul_openapi
3756,신중동,신중동,07호선,754,seoul_openapi
2716,중계,중계,07호선,714,seoul_openapi
2715,노원,노원,07호선,713,seoul_openapi
2734,논현,논현,07호선,732,seoul_openapi
2733,학동,학동,07호선,731,seoul_openapi
2732,강남구청,강남구청,07호선,730,seoul_openapi
2731,청담,청담,07호선,729,seoul_openapi
2730,자양,자양,07호선,728,seoul_openapi
2729,건대입구,건대입구,07호선,727,seoul_openapi
2745,신풍,신풍,07호선,743,seoul_openapi
2746,대림,대림,07호선,744,seoul_openapi
3763,석남,석남,07호선,761,seoul_openapi
3762,산곡,산곡,07호선,760,seoul_openapi
3760,굴포천,굴포천,07호선,758,seoul_openapi
3759,삼산체육관,삼산체육관,07호선,757,seoul_openapi
3758,상동,상동,07호선,756,seoul_openapi
3753,까치울,까치울,07호선,751,seoul_openapi
3757,부천시청,부천시청,07호선,755,seoul_openapi
3755,춘의,춘의,07호선,753,seoul_openapi
2821,복정,복정,08호선,820,seoul_openapi
2828,남위례,남위례,08호선,821,seoul_openapi
2819,문정,문정,08호선,818,seoul_openapi
2817,송파,송파,08호선,816,seoul_openapi
2809,장자호수공원,장자호수공원,08호선,808,seoul_openapi
2818,가락시장,가락시장,08호선,817,seoul_openapi
2820,장지,장지,08호선,819,seoul_openapi
2807,동구릉,동구릉,08호선,806,seoul_openapi
2808,구리,구리,08호선,807,seoul_openapi
2806,다산,다산,08호선,805,seoul_openapi
2805,별내,별내,08호선,804,seoul_openapi
2815,잠실,잠실,08호선,814,seoul_openapi
2814,몽촌토성,몽촌토성,08호선,813,seoul_openapi
2813,강동구청,강동구청,08호선,812,seoul_openapi
2812,천호,천호,08호선,811,seoul_openapi
2811,암사,암사,08호선,810,seoul_openapi
2810,암사역사공원,암사역사공원,08호선,809,seoul_openapi
2827,모란,모란,08호선,827,seoul_openapi
2826,수진,수진,08호선,826,seoul_openapi
2825,신흥,신흥,08호선,825,seoul_openapi
2824,단대오거리,단대오거리,08호선,824,seoul_openapi
2823,남한산성입구,남한산성입구,08호선,823,seoul_openapi
2822,산성,산성,08호선,822,seoul_openapi
2816,석촌,석촌,08호선,815,seoul_openapi
4109,등촌,등촌,09호선,909,seoul_openapi
4130,종합운동장,종합운동장,09호선,930,seoul_openapi
4129,봉은사,봉은사,09호선,929,seoul_openapi
4128,삼성중앙,삼성중앙,09호선,928,seoul_openapi
4124,사평,사평,09호선,924,seoul_openapi
4123,고속터미널,고속터미널,09호선,923,seoul_openapi
4122,신반포,신반포,09호선,922,seoul_openapi
4121,구반포,구반포,09호선,921,seoul_openapi
4118,노들,노들,09호선,918,seoul_openapi
4119,흑석,흑석,09호선,919,seoul_openapi
4120,동작,동작,09호선,920,seoul_openapi
4133,석촌,석촌,09호선,933,seoul_openapi
4134,송파나루,송파나루,09호선,934,seoul_openapi
4135,한성백제,한성백제,09호선,935,seoul_openapi
4125,신논현,신논현,09호선,925,seoul_openapi
4126,언주,언주,09호선,926,seoul_openapi
4127,선정릉,선정릉,09호선,927,seoul_openapi
4116,샛강,샛강,09호선,916,seoul_openapi
4136,올림픽공원,올림픽공원,09호선,936,seoul_openapi
4117,노량진,노량진,09호선,917,seoul_openapi
4101,개화,개화,09호선,901,seoul_openapi
4102,김포공항,김포공항,09호선,902,seoul_openapi
4103,공항시장,공항시장,09호선,903,seoul_openapi
4104,신방화,신방화,09호선,904,seoul_openapi
4112,선유도,선유도,09호선,912,seoul_openapi
4113,당산,당산,09호선,913,seoul_openapi
4138,중앙보훈병원,중앙보훈병원,09호선,938,seoul_openapi
4137,둔촌오륜,둔촌오륜,09호선,937,seoul_openapi
4132,석촌고분,석촌고분,09호선,932,seoul_openapi
4111,신목동,신목동,09호선,911,seoul_openapi
4110,염창,염창,09호선,910,seoul_openapi
4131,삼전,삼전,09호선,931,seoul_openapi
4108,증미,증미,09호선,908,seoul_openapi
4107,가양,가양,09호선,907,seoul_openapi
4106,양천향교,양천향교,09호선,906,seoul_openapi
4105,마곡나루,마곡나루,09호선,905,seoul_openapi
4115,여의도,여의도,09호선,915,seoul_openapi
4114,국회의사당,국회의사당,09호선,914,seoul_openapi
9005,서울,서울,GTX-A,X106,seoul_openapi
0010,구성,구성,GTX-A,X110,seoul_openapi
9004,연신내,연신내,GTX-A,X105,seoul_openapi
9001,킨텍스,킨텍스,GTX-A,X102,seoul_openapi
9002,대곡,대곡,GTX-A,X103,seoul_openapi
0011,동탄,동탄,GTX-A,X111,seoul_openapi
0008,수서,수서,GTX-A,X108,seoul_openapi
0009,성남,성남,GTX-A,X109,seoul_openapi
9000,운정중앙,운정중앙,GTX-A,X101,seoul_openapi
1506,곤지암,곤지암,경강선,K415,seoul_openapi
1504,경기광주,경기광주,경강선,K413,seoul_openapi
1511,여주,여주,경강선,K420,seoul_openapi
1512,성남,성남,경강선,K410,seoul_openapi
1507,신둔도예촌,신둔도예촌,경강선,K416,seoul_openapi
1505,초월,초월,경강선,K414,seoul_openapi
1501,판교,판교,경강선,K409,seoul_openapi
1502,이매,이매,경강선,K411,seoul_openapi
1510,세종대왕릉,세종대왕릉,경강선,K419,seoul_openapi
1509,부발,부발,경강선,K418,seoul_openapi
1503,삼동,삼동,경강선,K412,seoul_openapi
1508,이천,이천,경강선,K417,seoul_openapi
1217,양평,양평,경의선,K135,seoul_openapi
1264,홍대입구,홍대입구,경의선,K314,seoul_openapi
1218,원덕,원덕,경의선,K136,seoul_openapi
1014,청량리,청량리,경의선,K117,seoul_openapi
1010,한남,한남,경의선,K113,seoul_openapi
1011,옥수,옥수,경의선,K114,seoul_openapi
100C,용산,용산,경의선,K110,seoul_openapi
1219,용문,용문,경의선,K137,seoul_openapi
1220,지평,지평,경의선,K138,seoul_openapi
1203,망우,망우,경의선,K121,seoul_openapi
1202,상봉,상봉,경의선,K120,seoul_openapi
1201,중랑,중랑,경의선,K119,seoul_openapi
1265,가좌,가좌,경의선,K315,seoul_openapi
1266,디지털미디어시티,디지털미디어시티,경의선,K316,seoul_openapi
1267,수색,수색,경의선,K317,seoul_openapi
1268,한국항공대,한국항공대,경의선,K318,seoul_openapi
1269,강매,강매,경의선,K319,seoul_openapi
1270,행신,행신,경의선,K320,seoul_openapi
1274,풍산,풍산,경의선,K325,seoul_openapi
1275,일산,일산,경의선,K326,seoul_openapi
1276,탄현,탄현,경의선,K327,seoul_openapi
1277,야당,야당,경의선,K328,seoul_openapi
1278,운정,운정,경의선,K329,seoul_openapi
1279,금릉,금릉,경의선,K330,seoul_openapi
1280,금촌,금촌,경의선,K331,seoul_openapi
1283,파주,파주,경의선,K334,seoul_openapi
1284,문산,문산,경의선,K335,seoul_openapi
1285,임진강,임진강,경의선,K337,seoul_openapi
1286,운천,운천,경의선,K336,seoul_openapi
1205,구리,구리,경의선,K123,seoul_openapi
1204,양원,양원,경의선,K122,seoul_openapi
1271,능곡,능곡,경의선,K321,seoul_openapi
1282,월롱,월롱,경의선,K333,seoul_openapi
1273,백마,백마,경의선,K324,seoul_openapi
101C,회기,회기,경의선,K118,seoul_openapi
0300,대곡,대곡,경의선,K322,seoul_openapi
1008,이촌,이촌,경의선,K111,seoul_openapi
1272,곡산,곡산,경의선,K323,seoul_openapi
1012,응봉,응봉,경의선,K115,seoul_openapi
1013,왕십리,왕십리,경의선,K116,seoul_openapi
1009,서빙고,서빙고,경의선,K112,seoul_openapi
1212,양수,양수,경의선,K130,seoul_openapi
1209,도심,도심,경의선,K127,seoul_openapi
1208,덕소,덕소,경의선,K126,seoul_openapi
1207,양정,양정,경의선,K125,seoul_openapi
1210,팔당,팔당,경의선,K128,seoul_openapi
1214,국수,국수,경의선,K132,seoul_openapi
1211,운길산,운길산,경의선,K129,seoul_openapi
1213,신원,신원,경의선,K131,seoul_openapi
1251,서울역,서울,경의선,P313,seoul_openapi
1215,아신,아신,경의선,K133,seoul_openapi
1252,신촌,신촌,경의선,P312,seoul_openapi
1261,효창공원앞,효창공원앞,경의선,K826,seoul_openapi
1262,공덕,공덕,경의선,K312,seoul_openapi
1216,오빈,오빈,경의선,K134,seoul_openapi
1206,도농,도농,경의선,K124,seoul_openapi
1263,서강대,서강대,경의선,K313,seoul_openapi
1315,사릉,사릉,경춘선,P126,seoul_openapi
1305,광운대,광운대,경춘선,P116,seoul_openapi
1306,청량리,청량리,경춘선,P117,seoul_openapi
1317,평내호평,평내호평,경춘선,P128,seoul_openapi
1318,천마산,천마산,경춘선,P129,seoul_openapi
1319,마석,마석,경춘선,P130,seoul_openapi
1320,대성리,대성리,경춘선,P131,seoul_openapi
1321,청평,청평,경춘선,P132,seoul_openapi
1322,상천,상천,경춘선,P133,seoul_openapi
1323,가평,가평,경춘선,P134,seoul_openapi
1329,춘천,춘천,경춘선,P140,seoul_openapi
1328,남춘천,남춘천,경춘선,P139,seoul_openapi
1327,김유정,김유정,경춘선,P138,seoul_openapi
1324,굴봉산,굴봉산,경춘선,P135,seoul_openapi
1316,금곡,금곡,경춘선,P127,seoul_openapi
1314,퇴계원,퇴계원,경춘선,P125,seoul_openapi
1313,별내,별내,경춘선,P124,seoul_openapi
1312,갈매,갈매,경춘선,P123,seoul_openapi
1311,신내,신내,경춘선,P122,seoul_openapi
1310,망우,망우,경춘선,P121,seoul_openapi
1309,상봉,상봉,경춘선,P120,seoul_openapi
1308,중랑,중랑,경춘선,P119,seoul_openapi
1326,강촌,강촌,경춘선,P137,seoul_openapi
1307,회기,회기,경춘선,P118,seoul_openapi
1325,백양리,백양리,경춘선,P136,seoul_openapi
4206,마곡나루,마곡나루,공항철도,A042,seoul_openapi
4204,디지털미디어시티,디지털미디어시티,공항철도,A04,seoul_openapi
4217,영종,영종,공항철도,A072,seoul_openapi
4203,홍대입구,홍대입구,공항철도,A03,seoul_openapi
4215,인천공항2터미널,인천공항2터미널,공항철도,A11,seoul_openapi
4213,인천공항1터미널,인천공항1터미널,공항철도,A10,seoul_openapi
4212,공항화물청사,공항화물청사,공항철도,A09,seoul_openapi
4211,운서,운서,공항철도,A08,seoul_openapi
4202,공덕,공덕,공항철도,A02,seoul_openapi
4201,서울역,서울,공항철도,A01,seoul_openapi
4208,계양,계양,공항철도,A06,seoul_openapi
4209,검암,검암,공항철도,A07,seoul_openapi
4207,김포공항,김포공항,공항철도,A05,seoul_openapi
4210,청라국제도시,청라국제도시,공항철도,A071,seoul_openapi
4926,사우,사우,김포도시철도,696,seoul_openapi
4929,김포공항,김포공항,김포도시철도,699,seoul_openapi
4928,고촌,고촌,김포도시철도,698,seoul_openapi
4927,풍무,풍무,김포도시철도,697,seoul_openapi
4925,걸포북변,걸포북변,김포도시철도,695,seoul_openapi
4924,운양,운양,김포도시철도,694,seoul_openapi
4923,장기,장기,김포도시철도,693,seoul_openapi
4922,마산,마산,김포도시철도,692,seoul_openapi
4921,구래,구래,김포도시철도,691,seoul_openapi
4920,양촌,양촌,김포도시철도,690,seoul_openapi
4810,시흥능곡,시흥능곡,서해선,S23,seoul_openapi
104C,능곡,능곡,서해선,S12,seoul_openapi
105C,곡산,곡산,서해선,S10,seoul_openapi
1982,부천종합운동장,부천종합운동장,서해선,S15,seoul_openapi
1981,원종,원종,서해선,S14,seoul_openapi
106C,백마,백마,서해선,S09,seoul_openapi
107C,풍산,풍산,서해선,S08,seoul_openapi
108C,일산,일산,서해선,S07,seoul_openapi
4815,원시,원시,서해선,S28,seoul_openapi
4814,시우,시우,서해선,S27,seoul_openapi
4813,초지,초지,서해선,S26,seoul_openapi
4805,소새울,소새울,서해선,S17,seoul_openapi
4812,선부,선부,서해선,S25,seoul_openapi
4811,달미,달미,서해선,S24,seoul_openapi
103C,대곡,대곡,서해선,S11,seoul_openapi
4808,신현,신현,서해선,S20,seoul_openapi
4804,소사,소사,서해선,S16,seoul_openapi
4807,신천,신천,서해선,S19,seoul_openapi
1980,김포공항,김포공항,서해선,S13,seoul_openapi
4806,시흥대야,시흥대야,서해선,S18,seoul_openapi
4809,시흥시청,시흥시청,서해선,S22,seoul_openapi
1891,인천,인천,수인분당선,K272,seoul_openapi
1873,고색,고색,수인분당선,K246,seoul_openapi
1877,사리,사리,수인분당선,K250,seoul_openapi
1845,청량리,청량리,수인분당선,K209,seoul_openapi
1836,정왕,정왕,수인분당선,K257,seoul_openapi
1854,야탑,야탑,수인분당선,K226,seoul_openapi
1834,안산,안산,수인분당선,K255,seoul_openapi
1878,달월,달월,수인분당선,K259,seoul_openapi
1879,월곶,월곶,수인분당선,K260,seoul_openapi
1835,신길온천,신길온천,수인분당선,K256,seoul_openapi
1846,수원,수원,수인분당선,K245,seoul_openapi
1852,태평,태평,수인분당선,K224,seoul_openapi
1881,인천논현,인천논현,수인분당선,K262,seoul_openapi
1856,수내,수내,수인분당선,K229,seoul_openapi
1857,정자,정자,수인분당선,K230,seoul_openapi
1858,미금,미금,수인분당선,K231,seoul_openapi
1859,오리,오리,수인분당선,K232,seoul_openapi
1860,이매,이매,수인분당선,K227,seoul_openapi
1861,보정,보정,수인분당선,K234,seoul_openapi
1864,신갈,신갈,수인분당선,K236,seoul_openapi
1870,매탄권선,매탄권선,수인분당선,K242,seoul_openapi
1871,수원시청,수원시청,수인분당선,K243,seoul_openapi
1880,소래포구,소래포구,수인분당선,K261,seoul_openapi
1875,어천,어천,수인분당선,K248,seoul_openapi
1851,가천대,가천대,수인분당선,K223,seoul_openapi
1850,선정릉,선정릉,수인분당선,K214,seoul_openapi
1849,강남구청,강남구청,수인분당선,K213,seoul_openapi
1848,압구정로데오,압구정로데오,수인분당선,K212,seoul_openapi
1847,서울숲,서울숲,수인분당선,K211,seoul_openapi
1874,오목천,오목천,수인분당선,K247,seoul_openapi
1888,인하대,인하대,수인분당선,K269,seoul_openapi
1890,신포,신포,수인분당선,K271,seoul_openapi
1853,모란,모란,수인분당선,K225,seoul_openapi
1882,호구포,호구포,수인분당선,K263,seoul_openapi
1024,한티,한티,수인분당선,K216,seoul_openapi
1865,기흥,기흥,수인분당선,K237,seoul_openapi
1876,야목,야목,수인분당선,K249,seoul_openapi
1023,선릉,선릉,수인분당선,K215,seoul_openapi
1866,상갈,상갈,수인분당선,K238,seoul_openapi
1867,청명,청명,수인분당선,K239,seoul_openapi
1868,영통,영통,수인분당선,K240,seoul_openapi
1025,도곡,도곡,수인분당선,K217,seoul_openapi
1026,구룡,구룡,수인분당선,K218,seoul_openapi
1027,개포동,개포동,수인분당선,K219,seoul_openapi
1028,대모산입구,대모산입구,수인분당선,K220,seoul_openapi
102C,왕십리,왕십리,수인분당선,K210,seoul_openapi
1030,수서,수서,수인분당선,K221,seoul_openapi
1031,복정,복정,수인분당선,K222,seoul_openapi
1869,망포,망포,수인분당선,K241,seoul_openapi
1872,매교,매교,수인분당선,K244,seoul_openapi
1884,원인재,원인재,수인분당선,K265,seoul_openapi
1885,연수,연수,수인분당선,K266,seoul_openapi
1886,송도,송도,수인분당선,K267,seoul_openapi
1889,숭의,숭의,수인분당선,K270,seoul_openapi
1831,중앙,중앙,수인분당선,K252,seoul_openapi
1800,오이도,오이도,수인분당선,K258,seoul_openapi
1862,죽전,죽전,수인분당선,K233,seoul_openapi
1833,초지,초지,수인분당선,K254,seoul_openapi
1832,고잔,고잔,수인분당선,K253,seoul_openapi
1830,한대앞,한대앞,수인분당선,K251,seoul_openapi
1883,남동인더스파크,남동인더스파크,수인분당선,K264,seoul_openapi
1863,구성,구성,수인분당선,K235,seoul_openapi
1855,서현,서현,수인분당선,K228,seoul_openapi
4404,보라매,보라매,신림선,S404,seoul_openapi
4403,서울지방병무청,서울지방병무청,신림선,S403,seoul_openapi
4408,신림,신림,신림선,S408,seoul_openapi
4407,당곡,당곡,신림선,S407,seoul_openapi
4406,보라매병원,보라매병원,신림선,S406,seoul_openapi
4405,보라매공원,보라매공원,신림선,S405,seoul_openapi
4411,관악산,관악산,신림선,S411,seoul_openapi
4410,서울대벤처타운,서울대벤처타운,신림선,S410,seoul_openapi
4409,서원,서원,신림선,S409,seoul_openapi
4402,대방,대방,신림선,S402,seoul_openapi
4401,샛강,샛강,신림선,S401,seoul_openapi
4314,동천,동천,신분당선,D14,seoul_openapi
4308,양재,양재,신분당선,D8,seoul_openapi
4307,강남,강남,신분당선,D7,seoul_openapi
4304,신사,신사,신분당선,D4,seoul_openapi
4309,양재시민의숲,양재시민의숲,신분당선,D9,seoul_openapi
4311,판교,판교,신분당선,D11,seoul_openapi
4312,정자,정자,신분당선,D12,seoul_openapi
4305,논현,논현,신분당선,D5,seoul_openapi
4313,미금,미금,신분당선,D13,seoul_openapi
4315,수지구청,수지구청,신분당선,D15,seoul_openapi
4316,성복,성복,신분당선,D16,seoul_openapi
4317,상현,상현,신분당선,D17,seoul_openapi
4318,광교중앙,광교중앙,신분당선,D18,seoul_openapi
4306,신논현,신논현,신분당선,D6,seoul_openapi
4319,광교,광교,신분당선,D19,seoul_openapi
4310,청계산입구,청계산입구,신분당선,D10,seoul_openapi
4513,고진,고진,용인경전철,Y121,seoul_openapi
4501,기흥,기흥,용인경전철,Y110,seoul_openapi
4517,전대.에버랜드,전대.에버랜드,용인경전철,Y126,seoul_openapi
4508,삼가,삼가,용인경전철,Y116,seoul_openapi
4509,시청.용인대,시청.용인대,용인경전철,Y117,seoul_openapi
4505,동백,동백,용인경전철,Y114,seoul_openapi
4503,지석,지석,용인경전철,Y112,seoul_openapi
4514,보평,보평,용인경전철,Y123,seoul_openapi
4515,둔전,둔전,용인경전철,Y125,seoul_openapi
4506,초당,초당,용인경전철,Y115,seoul_openapi
4504,어정,어정,용인경전철,Y113,seoul_openapi
4502,강남대,강남대,용인경전철,Y111,seoul_openapi
4511,김량장,김량장,용인경전철,Y119,seoul_openapi
4512,용인중앙시장,용인중앙시장,용인경전철,Y120,seoul_openapi
4510,명지대,명지대,용인경전철,Y118,seoul_openapi
4712,보문,보문,우이신설경전철,952,seoul_openapi
4705,화계,화계,우이신설경전철,945,seoul_openapi
4713,신설동,신설동,우이신설경전철,953,seoul_openapi
4701,북한산우이,북한산우이,우이신설경전철,941,seoul_openapi
4702,솔밭공원,솔밭공원,우이신설경전철,942,seoul_openapi
4703,4·19민주묘지,4·19민주묘지,우이신설경전철,943,seoul_openapi
4704,가오리,가오리,우이신설경전철,944,seoul_openapi
4706,삼양,삼양,우이신설경전철,946,seoul_openapi
4707,삼양사거리,삼양사거리,우이신설경전철,947,seoul_openapi
4708,솔샘,솔샘,우이신설경전철,948,seoul_openapi
4709,북한산보국문,북한산보국문,우이신설경전철,949,seoul_openapi
4710,정릉,정릉,우이신설경전철,950,seoul_openapi
4711,성신여대입구,성신여대입구,우이신설경전철,951,seoul_openapi
4604,경전철의정부,경전철의정부,의정부경전철,U113,seoul_openapi
4606,흥선,흥선,의정부경전철,U115,seoul_openapi
4603,범골,범골,의정부경전철,U112,seoul_openapi
4602,회룡,회룡,의정부경전철,U111,seoul_openapi
4601,발곡,발곡,의정부경전철,U110,seoul_openapi
4607,의정부중앙,의정부중앙,의정부경전철,U117,seoul_openapi
4608,동오,동오,의정부경전철,U118,seoul_openapi
4609,새말,새말,의정부경전철,U119,seoul_openapi
4610,경기도청북부청사,경기도청북부청사,의정부경전철,U120,seoul_openapi
4611,효자,효자,의정부경전철,U121,seoul_openapi
4612,곤제,곤제,의정부경전철,U122,seoul_openapi
4613,어룡,어룡,의정부경전철,U123,seoul_openapi
4614,송산,송산,의정부경전철,U124,seoul_openapi
4615,탑석,탑석,의정부경전철,U125,seoul_openapi
4605,의정부시청,의정부시청,의정부경전철,U114,seoul_openapi
3203,검단사거리,검단사거리,인천2호선,I203,seoul_openapi
3202,왕길,왕길,인천2호선,I202,seoul_openapi
3218,주안,주안,인천2호선,I218,seoul_openapi
3212,가정중앙시장,가정중앙시장,인천2호선,I212,seoul_openapi
3201,검단오류,검단오류,인천2호선,I201,seoul_openapi
3208,검바위,검바위,인천2호선,I208,seoul_openapi
3211,가정,가정,인천2호선,I211,seoul_openapi
3209,아시아드경기장,아시아드경기장,인천2호선,I209,seoul_openapi
3210,서해구청,서해구청,인천2호선,I210,seoul_openapi
3215,인천가좌,인천가좌,인천2호선,I215,seoul_openapi
3214,서부여성회관,서부여성회관,인천2호선,I214,seoul_openapi
3204,마전,마전,인천2호선,I204,seoul_openapi
3213,석남,석남,인천2호선,I213,seoul_openapi
3206,독정,독정,인천2호선,I206,seoul_openapi
3207,검암,검암,인천2호선,I207,seoul_openapi
3205,완정,완정,인천2호선,I205,seoul_openapi
3216,가재울,가재울,인천2호선,I216,seoul_openapi
3217,주안국가산단,주안국가산단,인천2호선,I217,seoul_openapi
3221,인천시청,인천시청,인천2호선,I221,seoul_openapi
3222,석천사거리,석천사거리,인천2호선,I222,seoul_openapi
3223,모래내시장,모래내시장,인천2호선,I223,seoul_openapi
3224,만수,만수,인천2호선,I224,seoul_openapi
3225,남동구청,남동구청,인천2호선,I225,seoul_openapi
3226,인천대공원,인천대공원,인천2호선,I226,seoul_openapi
3227,운연,운연,인천2호선,I227,seoul_openapi
3220,석바위시장,석바위시장,인천2호선,I220,seoul_openapi
3219,시민공원,시민공원,인천2호선,I219,seoul_openapi
3130,원인재,원인재,인천선,I130,seoul_openapi
3128,선학,선학,인천선,I128,seoul_openapi
3123,간석오거리,간석오거리,인천선,I123,seoul_openapi
3125,예술회관,예술회관,인천선,I125,seoul_openapi
3129,신연수,신연수,인천선,I129,seoul_openapi
3107,검단호수공원,검단호수공원,인천선,I107,seoul_openapi
3124,인천시청,인천시청,인천선,I124,seoul_openapi
3122,부평삼거리,부평삼거리,인천선,I122,seoul_openapi
3139,송도달빛축제공원,송도달빛축제공원,인천선,I139,seoul_openapi
3110,계양,계양,인천선,I110,seoul_openapi
3121,동수,동수,인천선,I121,seoul_openapi
3108,신검단중앙,신검단중앙,인천선,I108,seoul_openapi
3112,박촌,박촌,인천선,I112,seoul_openapi
3137,센트럴파크,센트럴파크,인천선,I137,seoul_openapi
3136,인천대입구,인천대입구,인천선,I136,seoul_openapi
3113,임학,임학,인천선,I113,seoul_openapi
3118,부평구청,부평구청,인천선,I118,seoul_openapi
3117,갈산,갈산,인천선,I117,seoul_openapi
3116,작전,작전,인천선,I116,seoul_openapi
3115,경인교대입구,경인교대입구,인천선,I115,seoul_openapi
3119,부평시장,부평시장,인천선,I119,seoul_openapi
3111,귤현,귤현,인천선,I111,seoul_openapi
3109,아라,아라,인천선,I109,seoul_openapi
3114,계산,계산,인천선,I114,seoul_openapi
3120,부평,부평,인천선,I120,seoul_openapi
3127,문학경기장,문학경기장,인천선,I127,seoul_openapi
3126,인천터미널,인천터미널,인천선,I126,seoul_openapi
3138,국제업무지구,국제업무지구,인천선,I138,seoul_openapi
3135,지식정보단지,지식정보단지,인천선,I135,seoul_openapi
3134,테크노파크,테크노파크,인천선,I134,seoul_openapi
3133,캠퍼스타운,캠퍼스타운,인천선,I133,seoul_openapi
3132,동막,동막,인천선,I132,seoul_openapi
3131,동춘,동춘,인천선,I131,seoul_openapi
