coordinate_station_id,coordinate_station_name,normalized_station_name,line,latitude,longitude,api_station_id,external_code,source
159,동묘앞,동묘앞,1,37.573265,127.016459,0159,127,seoul_openapi
158,청량리,청량리,1,37.580148,127.045063,0158,124,seoul_openapi
157,제기동,제기동,1,37.578116,127.034902,0157,125,seoul_openapi
156,신설동,신설동,1,37.576117,127.02471,0156,126,seoul_openapi
155,동대문,동대문,1,37.57179,127.011383,0155,128,seoul_openapi
154,종로5가,종로5가,1,37.570971,127.0019,0154,129,seoul_openapi
153,종로3가,종로3가,1,37.570429,126.992095,0153,130,seoul_openapi
152,종각,종각,1,37.570203,126.983116,0152,131,seoul_openapi
151,시청,시청,1,37.56359,126.975407,0151,132,seoul_openapi
150,서울,서울,1,37.55315,126.972533,0150,133,seoul_openapi
214,강변,강변,2,37.535161,127.094684,0214,214,seoul_openapi
207,상왕십리,상왕십리,2,37.564504,127.028872,0207,207,seoul_openapi
221,역삼,역삼,2,37.500658,127.03643,0221,221,seoul_openapi
224,서초,서초,2,37.49191,127.007945,0224,224,seoul_openapi
211,성수,성수,2,37.544628,127.055983,0211,211,seoul_openapi
250,용두,용두,2,37.574012,127.03811,0250,211-3,seoul_openapi
249,신정네거리,신정네거리,2,37.520218,126.852849,0249,234-3,seoul_openapi
248,양천구청,양천구청,2,37.512194,126.865193,0248,234-2,seoul_openapi
247,도림천,도림천,2,37.514759,126.882586,0247,234-1,seoul_openapi
246,신설동,신설동,2,37.574653,127.025158,0246,211-4,seoul_openapi
245,신답,신답,2,37.56147,127.056348,0245,211-2,seoul_openapi
244,용답,용답,2,37.566412,126.977863,0244,211-1,seoul_openapi
205,동대문역사문화공원,동대문역사문화공원,2,37.565597,127.009113,0205,205,seoul_openapi
202,을지로입구,을지로입구,2,37.565998,126.982569,0202,202,seoul_openapi
223,교대,교대,2,37.493957,127.014631,0223,223,seoul_openapi
201,시청,시청,2,37.563534,126.975271,0201,201,seoul_openapi
243,충정로,충정로,2,37.559742,126.964455,0243,243,seoul_openapi
242,아현,아현,2,37.557407,126.956079,0242,242,seoul_openapi
241,이대,이대,2,37.556734,126.945897,0241,241,seoul_openapi
240,신촌,신촌,2,37.555153,126.93689,0240,240,seoul_openapi
239,홍대입구,홍대입구,2,37.556748,126.923643,0239,239,seoul_openapi
208,왕십리,왕십리,2,37.561159,127.035505,0208,208,seoul_openapi
209,한양대,한양대,2,37.55658,127.043504,0209,209,seoul_openapi
210,뚝섬,뚝섬,2,37.54718,127.047413,0210,210,seoul_openapi
230,신림,신림,2,37.484216,126.929573,0230,230,seoul_openapi
215,잠실나루,잠실나루,2,37.520688,127.103836,0215,215,seoul_openapi
206,신당,신당,2,37.565681,127.019488,0206,206,seoul_openapi
238,합정,합정,2,37.550025,126.914557,0238,238,seoul_openapi
237,당산,당산,2,37.533877,126.902011,0237,237,seoul_openapi
204,을지로4가,을지로4가,2,37.566611,126.998122,0204,204,seoul_openapi
216,잠실,잠실,2,37.513305,127.100129,0216,216,seoul_openapi
217,잠실새내,잠실새내,2,37.520731,127.103738,0217,217,seoul_openapi
222,강남,강남,2,37.497958,127.027539,0222,222,seoul_openapi
200,까치산,까치산,2,37.53181,126.846706,0200,234-4,seoul_openapi
236,영등포구청,영등포구청,2,37.525766,126.896627,0236,236,seoul_openapi
235,문래,문래,2,37.517993,126.894766,0235,235,seoul_openapi
234,신도림,신도림,2,37.508815,126.891222,0234,234,seoul_openapi
233,대림,대림,2,37.492426,126.895293,0233,233,seoul_openapi
227,낙성대,낙성대,2,37.47693,126.963783,0227,227,seoul_openapi
232,구로디지털단지,구로디지털단지,2,37.485005,126.902626,0232,232,seoul_openapi
226,사당,사당,2,37.476536,126.981631,0226,226,seoul_openapi
229,봉천,봉천,2,37.482416,126.941896,0229,229,seoul_openapi
228,서울대입구,서울대입구,2,37.481233,126.952745,0228,228,seoul_openapi
212,건대입구,건대입구,2,37.540408,127.069231,0212,212,seoul_openapi
225,방배,방배,2,37.481469,126.997627,0225,225,seoul_openapi
218,종합운동장,종합운동장,2,37.511008,127.073641,0218,218,seoul_openapi
219,삼성,삼성,2,37.508827,127.063203,0219,219,seoul_openapi
220,선릉,선릉,2,37.504257,127.048174,0220,220,seoul_openapi
203,을지로3가,을지로3가,2,37.566292,126.991773,0203,203,seoul_openapi
231,신대방,신대방,2,37.487534,126.913279,0231,231,seoul_openapi
213,구의,구의,2,37.536857,127.085024,0213,213,seoul_openapi
335,대치,대치,3,37.494601,127.063449,0335,345,seoul_openapi
340,가락시장,가락시장,3,37.492368,127.118101,0340,350,seoul_openapi
327,신사,신사,3,37.516438,127.020247,0327,337,seoul_openapi
326,압구정,압구정,3,37.526169,127.028502,0326,336,seoul_openapi
323,약수,약수,3,37.554674,127.010628,0323,333,seoul_openapi
324,금호,금호,3,37.548269,127.015785,0324,334,seoul_openapi
329,고속터미널,고속터미널,3,37.504953,127.004916,0329,339,seoul_openapi
320,을지로3가,을지로3가,3,37.566299,126.992616,0320,330,seoul_openapi
334,도곡,도곡,3,37.491129,127.055694,0334,344,seoul_openapi
333,매봉,매봉,3,37.487114,127.046907,0333,343,seoul_openapi
332,양재,양재,3,37.48466,127.03513,0332,342,seoul_openapi
319,종로3가,종로3가,3,37.571537,126.991237,0319,329,seoul_openapi
339,수서,수서,3,37.487507,127.101324,0339,349,seoul_openapi
338,일원,일원,3,37.48389,127.08416,0338,348,seoul_openapi
337,대청,대청,3,37.493607,127.079526,0337,347,seoul_openapi
325,옥수,옥수,3,37.541653,127.017303,0325,335,seoul_openapi
336,학여울,학여울,3,37.496757,127.070541,0336,346,seoul_openapi
331,남부터미널,남부터미널,3,37.48494,127.016289,0331,341,seoul_openapi
330,교대,교대,3,37.49306,127.013796,0330,340,seoul_openapi
318,안국,안국,3,37.576562,126.98547,0318,328,seoul_openapi
316,독립문,독립문,3,37.574534,126.957902,0316,326,seoul_openapi
315,무악재,무악재,3,37.582658,126.950131,0315,325,seoul_openapi
314,홍제,홍제,3,37.588851,126.944092,0314,324,seoul_openapi
342,오금,오금,3,37.502288,127.128344,0342,352,seoul_openapi
311,연신내,연신내,3,37.618855,126.920859,0311,321,seoul_openapi
310,구파발,구파발,3,37.636612,126.918827,0310,320,seoul_openapi
309,지축,지축,3,37.648281,126.912551,0309,319,seoul_openapi
322,동대입구,동대입구,3,37.55816,127.005273,0322,332,seoul_openapi
321,충무로,충무로,3,37.561302,126.995473,0321,331,seoul_openapi
328,잠원,잠원,3,37.512989,127.011613,0328,338,seoul_openapi
313,녹번,녹번,3,37.600882,126.935758,0313,323,seoul_openapi
312,불광,불광,3,37.610554,126.929843,0312,322,seoul_openapi
317,경복궁,경복궁,3,37.575844,126.973576,0317,327,seoul_openapi
341,경찰병원,경찰병원,3,37.495754,127.124198,0341,351,seoul_openapi
425,회현,회현,4,37.559698,126.979565,0425,425,seoul_openapi
433,사당,사당,4,37.476563,126.981746,0433,433,seoul_openapi
434,남태령,남태령,4,37.464339,126.989081,0434,434,seoul_openapi
432,총신대입구,총신대입구,4,37.487521,126.982309,0432,432,seoul_openapi
431,동작,동작,4,37.503567,126.980171,0431,431,seoul_openapi
430,이촌,이촌,4,37.522525,126.97335,0430,430,seoul_openapi
429,신용산,신용산,4,37.52919,126.96858,0429,429,seoul_openapi
410,상계,상계,4,37.660576,127.073199,0410,410,seoul_openapi
411,노원,노원,4,37.656274,127.063183,0411,411,seoul_openapi
412,창동,창동,4,37.652993,127.046746,0412,412,seoul_openapi
413,쌍문,쌍문,4,37.648274,127.034381,0413,413,seoul_openapi
414,수유,수유,4,37.637127,127.024731,0414,414,seoul_openapi
415,미아,미아,4,37.626435,127.026151,0415,415,seoul_openapi
416,미아사거리,미아사거리,4,37.613276,127.030083,0416,416,seoul_openapi
417,길음,길음,4,37.604087,127.025353,0417,417,seoul_openapi
428,삼각지,삼각지,4,37.535057,126.973354,0428,428,seoul_openapi
418,성신여대입구,성신여대입구,4,37.592782,127.017338,0418,418,seoul_openapi
419,한성대입구,한성대입구,4,37.58838,127.006751,0419,419,seoul_openapi
420,혜화,혜화,4,37.582116,127.001759,0420,420,seoul_openapi
421,동대문,동대문,4,37.5708397,127.009403,0421,421,seoul_openapi
422,동대문역사문화공원,동대문역사문화공원,4,37.565083,127.007645,0422,422,seoul_openapi
423,충무로,충무로,4,37.561302,126.995473,0423,423,seoul_openapi
424,명동,명동,4,37.561055,126.988271,0424,424,seoul_openapi
426,서울,서울,4,37.553172,126.972836,0426,426,seoul_openapi
427,숙대입구,숙대입구,4,37.545124,126.971952,0427,427,seoul_openapi
2556,올림픽공원,올림픽공원,5,37.516217,127.130957,2556,P550,seoul_openapi
2512,개화산,개화산,5,37.572458,126.806838,2512,511,seoul_openapi
2555,둔촌동,둔촌동,5,37.527787,127.136219,2555,P549,seoul_openapi
2545,군자,군자,5,37.557102,127.079559,2545,544,seoul_openapi
2546,아차산,아차산,5,37.552005,127.089609,2546,545,seoul_openapi
2523,양평,양평,5,37.525614,126.886177,2523,522,seoul_openapi
2522,오목교,오목교,5,37.524557,126.875049,2522,521,seoul_openapi
2521,목동,목동,5,37.526088,126.864296,2521,520,seoul_openapi
2541,왕십리,왕십리,5,37.56197,127.037264,2541,540,seoul_openapi
2560,거여,거여,5,37.493208,127.143983,2560,P554,seoul_openapi
2513,김포공항,김포공항,5,37.56217,126.801273,2513,512,seoul_openapi
2514,송정,송정,5,37.561411,126.812052,2514,513,seoul_openapi
2551,굽은다리,굽은다리,5,37.545442,127.142844,2551,550,seoul_openapi
2552,명일,명일,5,37.551317,127.144002,2552,551,seoul_openapi
2553,고덕,고덕,5,37.555002,127.154214,2553,552,seoul_openapi
2550,길동,길동,5,37.538022,127.140085,2550,549,seoul_openapi
2548,천호,천호,5,37.538566,127.123539,2548,547,seoul_openapi
2543,답십리,답십리,5,37.566833,127.05266,2543,542,seoul_openapi
2547,광나루,광나루,5,37.545301,127.103478,2547,546,seoul_openapi
2554,상일동,상일동,5,37.556714,127.166381,2554,553,seoul_openapi
2542,마장,마장,5,37.566066,127.042921,2542,541,seoul_openapi
2539,신금호,신금호,5,37.554504,127.020403,2539,538,seoul_openapi
2561,마천,마천,5,37.494972,127.152784,2561,P555,seoul_openapi
2562,강일,강일,5,37.557521,127.176018,2562,554,seoul_openapi
2566,하남검단산,하남검단산,5,37.539729,127.223427,2566,558,seoul_openapi
2515,마곡,마곡,5,37.562182,126.82693,2515,514,seoul_openapi
2516,발산,발산,5,37.562182,126.82693,2516,515,seoul_openapi
2517,우장산,우장산,5,37.548864,126.83633,2517,516,seoul_openapi
2519,까치산,까치산,5,37.53181,126.846706,2519,518,seoul_openapi
2520,신정,신정,5,37.525001,126.856176,2520,519,seoul_openapi
2526,신길,신길,5,37.51763,126.914886,2526,525,seoul_openapi
2536,을지로4가,을지로4가,5,37.56658,126.998127,2536,535,seoul_openapi
2538,청구,청구,5,37.560237,127.01379,2538,537,seoul_openapi
2537,동대문역사문화공원,동대문역사문화공원,5,37.564682,127.00533,2537,536,seoul_openapi
2534,광화문,광화문,5,37.570545,126.976568,2534,533,seoul_openapi
2533,서대문,서대문,5,37.565812,126.966639,2533,532,seoul_openapi
2532,충정로,충정로,5,37.560061,126.962783,2532,531,seoul_openapi
2531,애오개,애오개,5,37.553592,126.956733,2531,530,seoul_openapi
2530,공덕,공덕,5,37.544005,126.951058,2530,529,seoul_openapi
2549,강동,강동,5,37.53581,127.13249,2549,548,seoul_openapi
2535,종로3가,종로3가,5,37.572546,126.990447,2535,534,seoul_openapi
2529,마포,마포,5,37.539718,126.946043,2529,528,seoul_openapi
2527,여의도,여의도,5,37.521578,126.924318,2527,526,seoul_openapi
2525,영등포시장,영등포시장,5,37.52276,126.905143,2525,524,seoul_openapi
2524,영등포구청,영등포구청,5,37.524209,126.895022,2524,523,seoul_openapi
2511,방화,방화,5,37.577669,126.812822,2511,510,seoul_openapi
2544,장한평,장한평,5,37.561438,127.064601,2544,543,seoul_openapi
2518,화곡,화곡,5,37.541585,126.840436,2518,517,seoul_openapi
2540,행당,행당,5,37.557297,127.029482,2540,539,seoul_openapi
2559,개롱,개롱,5,37.498097,127.134817,2559,P553,seoul_openapi
2558,오금,오금,5,37.502228,127.127701,2558,P552,seoul_openapi
2528,여의나루,여의나루,5,37.527145,126.932807,2528,527,seoul_openapi
2565,하남시청,하남시청,5,37.541723,127.206901,2565,557,seoul_openapi
2564,하남풍산,하남풍산,5,37.552201,127.203897,2564,556,seoul_openapi
2563,미사,미사,5,37.56329,127.192954,2563,555,seoul_openapi
2557,방이,방이,5,37.508752,127.126054,2557,P551,seoul_openapi
2621,월드컵경기장,월드컵경기장,6,37.569439,126.899077,2620,619,seoul_openapi
2611,응암,응암,6,37.59859,126.915583,2611,610,seoul_openapi
2624,합정,합정,6,37.549033,126.913546,2623,622,seoul_openapi
2613,불광,불광,6,37.610919,126.929504,2613,612,seoul_openapi
2614,독바위,독바위,6,37.618413,126.933035,2614,613,seoul_openapi
2618,새절,새절,6,37.591148,126.913613,2617,616,seoul_openapi
2619,증산,증산,6,37.583989,126.909785,2618,617,seoul_openapi
2620,디지털미디어시티,디지털미디어시티,6,37.577005,126.898643,2619,618,seoul_openapi
2623,망원,망원,6,37.556031,126.910129,2622,621,seoul_openapi
2625,상수,상수,6,37.547704,126.92292,2624,623,seoul_openapi
2626,광흥창,광흥창,6,37.547464,126.931971,2625,624,seoul_openapi
2629,효창공원앞,효창공원앞,6,37.539279,126.961348,2628,627,seoul_openapi
2630,삼각지,삼각지,6,37.535563,126.973996,2629,628,seoul_openapi
2631,녹사평,녹사평,6,37.53469,126.98665,2630,629,seoul_openapi
2632,이태원,이태원,6,37.534485,126.994369,2631,630,seoul_openapi
2633,한강진,한강진,6,37.53956,127.001729,2632,631,seoul_openapi
2634,버티고개,버티고개,6,37.547933,127.006948,2633,632,seoul_openapi
2646,석계,석계,6,37.614937,127.065922,2645,644,seoul_openapi
2647,태릉입구,태릉입구,6,37.617319,127.074741,2646,645,seoul_openapi
2649,신내,신내,6,37.612571,127.104326,2649,648,seoul_openapi
2642,고려대,고려대,6,37.59034,127.03626,2641,640,seoul_openapi
2643,월곡,월곡,6,37.60192,127.041492,2642,641,seoul_openapi
2648,화랑대,화랑대,6,37.619875,127.084106,2647,646,seoul_openapi
2615,봉화산,봉화산,6,37.617293,127.091375,2648,647,seoul_openapi
2616,연신내,연신내,6,37.618596,126.920519,2615,614,seoul_openapi
2617,구산,구산,6,37.611223,126.917246,2616,615,seoul_openapi
2635,약수,약수,6,37.554087,127.010237,2634,633,seoul_openapi
2636,청구,청구,6,37.560221,127.013776,2635,634,seoul_openapi
2637,신당,신당,6,37.566174,127.016158,2636,635,seoul_openapi
2638,동묘앞,동묘앞,6,37.572275,127.015666,2637,636,seoul_openapi
2639,창신,창신,6,37.579772,127.015246,2638,637,seoul_openapi
2640,보문,보문,6,37.585293,127.019377,2639,638,seoul_openapi
2641,안암,안암,6,37.586261,127.02903,2640,639,seoul_openapi
2644,상월곡,상월곡,6,37.606392,127.048509,2643,642,seoul_openapi
2645,돌곶이,돌곶이,6,37.610522,127.056419,2644,643,seoul_openapi
2622,마포구청,마포구청,6,37.563535,126.903326,2621,620,seoul_openapi
2627,대흥,대흥,6,37.547732,126.942214,2626,625,seoul_openapi
2628,공덕,공덕,6,37.543592,126.951664,2627,626,seoul_openapi
2612,역촌,역촌,6,37.60605,126.922764,2612,611,seoul_openapi
2712,도봉산,도봉산,7,37.689131,127.046548,2712,710,seoul_openapi
2723,면목,면목,7,37.588671,127.087503,2723,721,seoul_openapi
2724,사가정,사가정,7,37.580912,127.088502,2724,722,seoul_openapi
2725,용마산,용마산,7,37.573752,127.086802,2725,723,seoul_openapi
2726,중곡,중곡,7,37.565877,127.084291,2726,724,seoul_openapi
2728,어린이대공원,어린이대공원,7,37.547962,127.07465,2728,726,seoul_openapi
2742,장승배기,장승배기,7,37.504845,126.939025,2742,740,seoul_openapi
2735,반포,반포,7,37.508171,127.011717,2735,733,seoul_openapi
2747,남구로,남구로,7,37.486181,126.887372,2747,745,seoul_openapi
2711,장암,장암,7,37.70015,127.053126,2711,709,seoul_openapi
2741,상도,상도,7,37.50279,126.947949,2741,739,seoul_openapi
2740,숭실대입구,숭실대입구,7,37.496258,126.953649,2740,738,seoul_openapi
2722,상봉,상봉,7,37.595673,127.085708,2722,720,seoul_openapi
2721,중화,중화,7,37.602604,127.079254,2721,719,seoul_openapi
2720,먹골,먹골,7,37.610638,127.077719,2720,718,seoul_openapi
2719,태릉입구,태릉입구,7,37.617319,127.074741,2719,717,seoul_openapi
2718,공릉,공릉,7,37.625642,127.072969,2718,716,seoul_openapi
2717,하계,하계,7,37.636363,127.067999,2717,715,seoul_openapi
2714,마들,마들,7,37.664985,127.057701,2714,712,seoul_openapi
2752,온수,온수,7,37.492059,126.823294,2752,750,seoul_openapi
2727,군자,군자,7,37.557151,127.079484,2727,725,seoul_openapi
2749,철산,철산,7,37.47616,126.868217,2749,747,seoul_openapi
2748,가산디지털단지,가산디지털단지,7,37.480376,126.882704,2748,746,seoul_openapi
2713,수락산,수락산,7,37.677804,127.055314,2713,711,seoul_openapi
2736,고속터미널,고속터미널,7,37.503387,127.005055,2736,734,seoul_openapi
2737,내방,내방,7,37.48764,126.993541,2737,735,seoul_openapi
2743,신대방삼거리,신대방삼거리,7,37.499717,126.928218,2743,741,seoul_openapi
2751,천왕,천왕,7,37.486699,126.838684,2751,749,seoul_openapi
2750,광명사거리,광명사거리,7,37.47927,126.854854,2750,748,seoul_openapi
2739,남성,남성,7,37.484688,126.971108,2739,737,seoul_openapi
2744,보라매,보라매,7,37.499916,126.920112,2744,742,seoul_openapi
2716,중계,중계,7,37.645052,127.064084,2716,714,seoul_openapi
2715,노원,노원,7,37.654478,127.060555,2715,713,seoul_openapi
2734,논현,논현,7,37.511108,127.021385,2734,732,seoul_openapi
2733,학동,학동,7,37.514262,127.031738,2733,731,seoul_openapi
2732,강남구청,강남구청,7,37.517185,127.04122,2732,730,seoul_openapi
2731,청담,청담,7,37.519097,127.051851,2731,729,seoul_openapi
2729,건대입구,건대입구,7,37.540882,127.071103,2729,727,seoul_openapi
2745,신풍,신풍,7,37.500107,126.909806,2745,743,seoul_openapi
2746,대림,대림,7,37.492984,126.896997,2746,744,seoul_openapi
2821,복정,복정,8,37.471016,127.126746,2821,820,seoul_openapi
2828,남위례,남위례,8,37.462839,127.139047,2828,821,seoul_openapi
2819,문정,문정,8,37.485931,127.122473,2819,818,seoul_openapi
2817,송파,송파,8,37.49978,127.11212,2817,816,seoul_openapi
2818,가락시장,가락시장,8,37.493004,127.118279,2818,817,seoul_openapi
2820,장지,장지,8,37.478609,127.126229,2820,819,seoul_openapi
2815,잠실,잠실,8,37.514649,127.104267,2815,814,seoul_openapi
2814,몽촌토성,몽촌토성,8,37.517692,127.11274,2814,813,seoul_openapi
2813,강동구청,강동구청,8,37.530348,127.120461,2813,812,seoul_openapi
2812,천호,천호,8,37.53792,127.123179,2812,811,seoul_openapi
2811,암사,암사,8,37.550127,127.127521,2811,810,seoul_openapi
2827,모란,모란,8,37.433888,127.129921,2827,827,seoul_openapi
2826,수진,수진,8,37.437575,127.140936,2826,826,seoul_openapi
2825,신흥,신흥,8,37.440952,127.14759,2825,825,seoul_openapi
2824,단대오거리,단대오거리,8,37.445057,127.156735,2824,824,seoul_openapi
2823,남한산성입구,남한산성입구,8,37.451568,127.159845,2823,823,seoul_openapi
2822,산성,산성,8,37.456886,127.149927,2822,822,seoul_openapi
2816,석촌,석촌,8,37.505396,127.106995,2816,815,seoul_openapi
